Question,Answer
"Hello, can you help me with cybersecurity?","Yes. I can help with AI security, MITRE ATT&CK concepts, cyber defense basics, incident response, and secure training data practices. Tell me what you need."
"I am new to cyber security.","That is fine. We can keep the explanation simple and practical. If you want, we can start with core ideas like phishing, access control, and logging."
"Explain this in plain English.","Plain English version: the goal is to reduce ways an attacker can get in, move around, steal data, or break systems."
"What should I learn first?","Start with fundamentals: the CIA triad, phishing, passwords and MFA, patching, backups, logging, and least privilege. Those concepts support almost every other security topic."
"How does MITRE ATT&CK help me?","It helps you think like a defender. It organizes attacker behavior so you can understand what to monitor, what to harden, and where your coverage is weak."
"My model may be vulnerable to prompt injection.","Treat prompt injection as an input-handling and trust-boundary problem. Add validation, policy checks, logging, and tests that simulate malicious instructions."
"What is a good first security control?","Identity hardening is usually the best first step. Strong passwords, MFA, role separation, and least privilege reduce many common attack paths."
"I need advice for a small team.","Keep it focused. Protect accounts, patch quickly, back up data, turn on logging, restrict admin access, and write a short incident response checklist."
"How do I explain cyber risk to management?","Use business impact. Explain what could happen, how likely it is, how it affects operations or trust, and what control reduces that risk."
"Can you help me build a threat model?","Yes. We can list your assets, users, entry points, trust boundaries, likely attackers, probable attack paths, and the controls that matter most."
"What if I do not understand the logs?","Start with the basics: who did what, from where, when, and on which system. Then look for unusual patterns, failures, privilege changes, and unexpected processes."
"Can you give a real example?","A simple example is phishing. An attacker sends a fake login page, steals credentials, logs in, and then tries to move laterally. Defenses include MFA, user training, and login monitoring."
"What is the difference between AI security and normal cybersecurity?","AI security includes many standard cyber controls, but it also covers model-specific issues such as prompt injection, data poisoning, model theft, unsafe outputs, and evaluation gaps."
"How can I practice safely?","Use a test environment, synthetic data where possible, controlled adversarial prompts, and clear logging. Do not test destructive techniques against production systems."
"I need a checklist.","A practical checklist is: patch critical systems, enable MFA, review admin accounts, verify backups, monitor logs, restrict access, and test incident response."
"How do I know if a security control is working?","Measure outcomes. Look for fewer risky configurations, faster detection, cleaner audit logs, lower phishing success, and better recovery during drills."
"Can we focus only on English conversation data?","Yes. This dataset is written in English so the model can learn clearer operator dialogue and security explanations for English-speaking users."
"I want more technical detail.","Then we should move into attacker tactics, telemetry sources, authentication flows, privilege boundaries, and detection logic tied to specific techniques."
"What do I do after an incident?","Contain the issue, preserve evidence, remove the cause, recover carefully, and document what happened so the team can improve controls and playbooks."
"Why do attackers move laterally?","They move laterally to reach more valuable systems, escalate their impact, and access data or privileges not available on the initial host."
"How can I improve my detection coverage?","Map important attacker behaviors to data sources, then build analytics and response steps for the behaviors you care about most."
"What does good security culture look like?","Good security culture means people report problems early, follow process, ask questions, and treat security as part of normal engineering work."
"Can you challenge my assumptions?","Yes. I can point out weak trust boundaries, missing telemetry, unrealistic threat assumptions, and controls that look good on paper but fail operationally."
"How should I train this SANCTA model?","Use clean datasets, separate domains by corpus, checkpoint often, keep conversational and security knowledge balanced, and review outputs after each training cycle."
"What is a firewall?","A firewall is a network boundary that decides which traffic gets in and which gets blocked. Think of it as a bouncer checking IDs at the door to your network."
"What does encryption do?","Encryption scrambles data so only someone with the right key can read it. It protects data in transit and at rest from eavesdroppers and thieves."
"Why do I need a password manager?","Because humans are terrible at remembering strong, unique passwords for dozens of accounts. A password manager does the remembering so you can use long random passwords everywhere."
"What is two-factor authentication?","It means you need two separate proofs of identity to log in, usually something you know like a password plus something you have like a phone or hardware key. It stops credential theft cold."
"How do hackers get in?","Most of the time it is phishing, stolen credentials, unpatched vulnerabilities, or misconfigured services. The exotic zero-day stuff gets the headlines but the basics get the breaches."
"What is social engineering?","It is manipulating people into giving up access or information. Phishing emails, pretexting phone calls, tailgating into buildings. The human is often the softest target."
"Should I use a VPN?","A VPN encrypts your traffic and hides your IP, which is useful on public Wi-Fi or when you need to access internal resources remotely. It is not a magic privacy shield though."
"What is a security audit?","A structured review of your controls, configurations, and practices against a standard or framework. It tells you where you actually stand versus where you think you stand."
"How do I report a security issue?","Follow your organization's incident reporting process. If there is not one, send it to the security team directly with what you observed, when, and any evidence. Do not try to investigate on your own."
"What is the dark web?","It is the part of the internet that requires special tools like Tor to access. Attackers sell stolen data, credentials, and exploits there. Your security team should monitor it for leaked company data."
"What is a data breach?","A data breach is when protected information gets accessed by someone who should not have it. It can be external attackers, insider threats, or even accidental exposure from misconfiguration."
"How do I know if I have been hacked?","Look for unusual login locations, unexpected password resets, new admin accounts you did not create, strange outbound traffic, or files that have been modified without explanation."
"What is a security policy?","A document that defines the rules for how your organization handles security. It covers acceptable use, access control, incident response, and what is expected from every employee."
"Why do we need security training?","Because most breaches involve a human mistake. Training helps people recognize phishing, handle data properly, and understand why the security controls exist. It turns users into a defensive layer."
"What is an access control list?","An ACL is a list that defines who can access what resource and what they can do with it. Read, write, execute. It is the granular enforcement of your least-privilege policy."
"What is the CIA triad?","Confidentiality, Integrity, and Availability. Confidentiality means only authorized access. Integrity means data has not been tampered with. Availability means systems are up when you need them."
"What is a zero-day vulnerability?","A vulnerability that is unknown to the vendor and has no patch yet. They are dangerous because there is no fix available, but they are also rare and expensive for attackers to find."
"What is phishing versus spear phishing?","Phishing casts a wide net with generic messages. Spear phishing targets a specific person using personal details to look convincing. Spear phishing is harder to detect and more effective."
"What is malware?","Malware is any software designed to harm. Viruses, trojans, ransomware, worms, spyware. The delivery method varies but the goal is always unauthorized access or damage."
"What is ransomware?","Ransomware encrypts your files and demands payment for the decryption key. Prevention is better than cure: backups, patching, and network segmentation are your best defenses."
"How do I tune SIEM rules?","Start by understanding what each rule is trying to detect, then adjust thresholds based on your environment's baseline. Suppress known-good patterns and focus on high-fidelity signals first."
"What makes a good runbook?","A good runbook is step-by-step, assumes the reader is stressed, includes decision trees for common branches, and tells you when to escalate. Test it during tabletop exercises."
"How do I reduce false positives?","Baseline your environment first. Whitelist known-good activity, tune detection thresholds, correlate multiple signals before alerting, and continuously refine based on analyst feedback."
"When should I escalate an alert?","Escalate when you see signs of active compromise, data exfiltration, lateral movement, or anything that exceeds your authority to contain. When in doubt, escalate. Nobody gets fired for being cautious."
"What is threat modeling in practice?","Sit down with the team that built the system, walk through how data flows, identify where trust boundaries exist, and ask what happens if each boundary is crossed. Document the risks and mitigations."
"How do I scope a pentest?","Define what is in scope, what is off-limits, the testing window, the rules of engagement, and the goals. A pentest without clear scope wastes time and can cause real damage."
"What is asset inventory best practice?","Automate discovery, reconcile against your CMDB regularly, tag assets by criticality and owner, and treat anything unknown on the network as suspicious until identified."
"How do I handle a phishing report?","Thank the reporter, analyze the email headers and links in a sandbox, check if anyone else received it, block the indicators, and notify affected users. Fast response prevents spread."
"What does good logging look like?","Good logs capture who did what, when, from where, and on which resource. They use structured formats, include enough context to investigate, and are shipped to a central place quickly."
"How do I assess vendor risk?","Review their security certifications, ask about their incident history, check their data handling practices, and evaluate what access they need to your environment. Trust but verify."
"What is the difference between vulnerability scanning and penetration testing?","Scanning is automated and finds known issues at scale. Pentesting is manual and creative, simulating real attacker behavior. You need both. Scanning for breadth, pentesting for depth."
"How do I build a detection use case?","Start with the threat you want to detect, identify the data source that would show it, write the query logic, test it against known-good and known-bad samples, then tune and document."
"What is a SOAR platform?","Security Orchestration, Automation, and Response. It automates repetitive tasks like enriching alerts, blocking IPs, and updating tickets so your analysts can focus on the hard problems."
"How do I do threat intelligence properly?","Focus on actionable intel relevant to your industry and threat landscape. Ingest IOCs into your tooling, but prioritize TTPs over hashes. A hash changes daily, a technique persists for years."
"What is the principle of least privilege?","Give people and systems only the access they need to do their job, nothing more. It limits blast radius when an account gets compromised."
"How do I handle certificate management?","Automate certificate lifecycle with tools like Let's Encrypt or your CA's API. Track expiration dates, set alerts for renewal, and never let a cert expire in production."
"What is network segmentation?","Dividing your network into zones so a breach in one area cannot easily spread to others. It is one of the most effective controls for limiting lateral movement."
"How do I write a good security alert?","Include what was detected, why it matters, what evidence supports it, what the analyst should investigate, and clear escalation criteria. An alert without context is just noise."
"What is RBAC?","Role-Based Access Control assigns permissions to roles, not individuals. Users get a role, the role gets the access. It simplifies management and makes auditing cleaner."
"Explain Kerberoasting.","Kerberoasting abuses Kerberos service tickets. An attacker requests a ticket for a service account, extracts it, and cracks the password offline. Defend by using long, random service account passwords and monitoring ticket requests."
"How does pass-the-hash work?","The attacker steals a password hash from memory and uses it to authenticate without knowing the actual password. It works because NTLM authentication accepts hashes directly. Credential Guard and limiting admin sessions help."
"What is a golden ticket attack?","An attacker who compromises the KRBTGT account can forge any Kerberos ticket, becoming any user in the domain. It is game over for Active Directory. Detection requires monitoring for anomalous ticket lifetimes and KRBTGT resets."
"How do I detect lateral movement in practice?","Watch for unusual logon patterns, remote service creation, PsExec-style connections, WMI process creation on remote hosts, and anomalous SMB traffic. Correlate these with the source account's normal behavior."
"What are living-off-the-land binaries?","LOLBins are legitimate system tools like PowerShell, certutil, or mshta that attackers abuse to avoid detection. They are already trusted by the OS, so your detection has to focus on how they are used, not that they are used."
"How does DNS tunneling work?","Attackers encode data in DNS queries and responses to exfiltrate information or communicate with C2 servers. It works because most organizations allow DNS traffic freely. Monitor for unusually long domain names and high query volumes."
"What is a C2 framework?","Command and Control frameworks like Cobalt Strike, Sliver, or Mythic give attackers a structured way to manage compromised hosts, issue commands, and exfiltrate data. Knowing their signatures helps you detect them."
"Explain adversarial machine learning.","Adversarial ML is about deliberately crafting inputs to fool or degrade machine learning models. This includes evasion attacks, data poisoning, and model extraction. If your defenses use ML, the model itself becomes an attack surface."
"What is homomorphic encryption?","It lets you perform computations on encrypted data without decrypting it first. The result, when decrypted, matches what you would get from computing on the plaintext. It is still slow for most practical uses but the field is maturing."
"How does memory forensics work?","You capture a RAM dump from a running system and analyze it for artifacts: running processes, network connections, injected code, encryption keys, and malware that never touched disk. Volatility is the go-to tool."
"What is DLL sideloading?","Attackers place a malicious DLL in a directory where a legitimate program will load it instead of the real one. The trusted application unknowingly executes attacker code. It bypasses application whitelisting because the parent process is legitimate."
"How do I detect credential dumping?","Monitor for access to LSASS process memory, suspicious use of tools like Mimikatz or comsvcs.dll, and unusual process access patterns. Sysmon Event ID 10 with LSASS as the target is a strong signal."
"What is a supply chain attack?","An attacker compromises a trusted vendor, library, or update mechanism to distribute malware through legitimate channels. SolarWinds and the XZ Utils backdoor are prime examples. Verify checksums and monitor dependency changes."
"Explain SSRF attacks.","Server-Side Request Forgery tricks a server into making requests to internal resources on the attacker's behalf. It can expose metadata services, internal APIs, and cloud credentials. Input validation and network segmentation are the defenses."
"What is a race condition vulnerability?","It is when the outcome depends on the timing of events the developer did not account for. Time-of-check to time-of-use flaws let attackers modify data between the check and the action. Atomic operations and proper locking prevent them."
"How do I analyze malicious PowerShell?","Enable Script Block Logging and Module Logging. Decode any Base64 or obfuscated strings. Look for download cradles, reflection-based loading, AMSI bypasses, and unusual use of .NET classes."
"What is a watering hole attack?","The attacker compromises a website that the target group visits frequently, then serves exploits to those visitors. It is targeted like spear phishing but works through web browsing instead of email."
"Explain BGP hijacking.","An attacker announces fraudulent BGP routes to redirect internet traffic through their infrastructure. They can intercept, modify, or drop traffic. RPKI and route filtering help, but adoption is still incomplete."
"What is an evil twin Wi-Fi attack?","An attacker sets up a fake access point that mimics a legitimate one. Victims connect to it and the attacker can intercept all their traffic. Enterprise WPA with certificates prevents this. Free Wi-Fi with just a password does not."
"We just got breached, what do we do first?","Breathe. Then contain: isolate affected systems, preserve evidence, assess scope, and activate your incident response plan. Do not wipe anything yet. Call your IR team and legal. Containment before eradication."
"How do I preserve evidence during an incident?","Image affected systems before making changes. Capture memory dumps, copy logs to a secure location, document every action with timestamps, and maintain chain of custody. You may need this for legal proceedings."
"Should we pay the ransom?","That is a business decision, not a technical one. Know that paying does not guarantee recovery, may fund more attacks, and can have legal implications. Focus on whether your backups work. If they do, you have options."
"How do I communicate a breach externally?","Be honest, be factual, and be timely. State what happened, what data was affected, what you are doing about it, and what users should do. Coordinate with legal and PR. Vague or delayed communication destroys trust."
"What goes in an incident report?","Timeline of events, systems affected, root cause, actions taken, evidence collected, impact assessment, and recommendations for preventing recurrence. Write it for someone who was not in the room."
"How do I do a proper post-mortem?","Focus on what happened, not who is to blame. Walk through the timeline, identify what worked, what failed, and what was missing. Produce action items with owners and deadlines. Follow up on them."
"When do we involve law enforcement?","When there is evidence of a crime like data theft, extortion, or fraud, and especially when regulated data is involved. Engage legal counsel first. Law enforcement can sometimes help with attribution and takedowns."
"How do I contain a compromised account?","Reset the password immediately, revoke all active sessions and tokens, check for persistence like forwarding rules or OAuth apps, review recent activity, and determine what the attacker accessed."
"What if the attacker is still inside?","Do not tip them off. Observe their activity to understand scope, prepare containment actions in parallel, then execute them simultaneously. If you cut one access and they notice, they will pivot to their backup channels."
"How do I handle a compromised service account?","Rotate the credentials, audit everywhere those credentials are used, check for unauthorized access, and review whether the account had more privilege than it needed. Service accounts are often over-permissioned and under-monitored."
"What is the first hour of incident response?","Confirm the alert is real, assess initial scope, activate the response team, begin containment, start the incident log, and notify management. The first hour sets the tone for the entire response."
"How do I triage multiple incidents at once?","Prioritize by impact and urgency. Active data exfiltration beats a vulnerability scan finding. Assign a lead to each incident, communicate status regularly, and do not let the less urgent ones quietly escalate."
"How do I handle an insider threat incident?","Work closely with HR and legal from the start. Collect evidence discreetly, limit knowledge to need-to-know, and do not confront the individual until you have a clear picture and a plan."
"What if our IR plan does not cover this scenario?","Use the general framework: contain, assess, eradicate, recover, learn. Document your decisions and rationale. After the incident, update the plan to include this scenario."
"How do I know when an incident is over?","When the attacker's access is fully removed, affected systems are verified clean, monitoring confirms no recurrence, and you have a clear explanation of the full attack chain. Do not rush to close."
"How do I get into cybersecurity?","Pick a domain that interests you, build a home lab, get hands-on with tools like Wireshark or Burp Suite, earn a foundational cert like Security+ or CySA+, and start contributing to the community. Passion and curiosity matter more than pedigree."
"What certs matter most?","It depends on your path. Security+ for entry level, CySA+ or GCIA for analysts, OSCP for pentesters, CISSP for management track. Certs open doors but skills keep you in the room."
"How do I build a SOC team?","Start with clear roles: tier 1 monitoring, tier 2 investigation, tier 3 threat hunting. Hire for curiosity and problem-solving, not just tool experience. Invest in training and fight burnout with rotation."
"What skills should I learn first for security?","Networking fundamentals, operating system internals, scripting in Python or Bash, and how authentication works. These underpin everything in security regardless of your specialization."
"How do I stay current on threats?","Follow threat intel feeds, read vendor reports, join communities like SANS ISC or security Discords, practice in CTFs, and most importantly, study real incident writeups. Attackers evolve. So should you."
"Is a CS degree necessary for cybersecurity?","Not necessary, but helpful. Many excellent security professionals came from IT, networking, or are self-taught. What matters is understanding how systems work and having the drive to learn continuously."
"How do I transition from IT to security?","Leverage your IT knowledge. You already understand infrastructure, networking, and troubleshooting. Add security-specific skills like log analysis, vulnerability management, and incident response. Your operational experience is an asset."
"What does a security engineer do day to day?","Design and implement security controls, review architectures, automate detection and response, tune tooling, respond to escalations, and work with developers to fix vulnerabilities. No two days are exactly the same."
"How do I mentor junior analysts?","Give them real problems with guardrails, review their work thoughtfully, explain your reasoning during investigations, and let them make mistakes in safe environments. Good mentorship multiplies your team's capability."
"Should I specialize or stay generalist?","Start broad to understand the landscape, then specialize in what excites you. The best specialists still understand the bigger picture. A pentester who understands defense is more effective than one who does not."
"How do I avoid burnout in security?","Set boundaries, rotate on-call fairly, automate the tedious stuff, celebrate wins, and remind yourself that perfect security is not the goal. Continuous improvement is. Take your time off."
"How do I write a good security resume?","Focus on impact, not tool lists. Instead of listing SIEM experience, say you reduced mean time to detect by 40 percent. Quantify where possible and show that you understand the why behind the what."
"How do I prepare for a security interview?","Know your fundamentals cold, be ready to walk through an incident you handled, understand the company's threat landscape, and practice explaining technical concepts simply. Interviewers want to see how you think."
"What is the career path for a SOC analyst?","Typically tier 1 analyst, then tier 2 investigator, then tier 3 threat hunter or IR lead. From there you can move into engineering, architecture, or management. Each step builds on the one before."
"How is AI changing security operations?","AI is accelerating alert triage, automating enrichment, and helping with pattern detection at scale. But it is not replacing human judgment for complex investigations. Think of it as augmentation, not replacement."
"Can AI replace SOC analysts?","Not yet, and probably not fully. AI can handle the repetitive tier 1 work, but investigation, context, and decision-making still need humans. The role will evolve, not disappear."
"What are the risks of using ChatGPT at work?","Data leakage is the big one. Anything you paste into a public LLM could end up in training data. Also watch for hallucinated security advice, over-reliance on AI-generated code, and prompt injection in workflows."
"How do I secure an AI model in production?","Treat it like any other application: input validation, output filtering, access controls, monitoring, and rate limiting. Add model-specific controls for prompt injection, data poisoning, and model extraction."
"What is adversarial AI in practice?","Attackers crafting inputs specifically designed to fool your AI systems. Evasion attacks against malware classifiers, poisoned training data, or prompt injection against LLM-powered tools. If you use AI for defense, attackers will target the AI."
"How do I red-team an LLM?","Test for prompt injection, jailbreaks, data extraction, harmful outputs, and boundary violations. Use structured evaluation frameworks, automated fuzzing, and manual creative testing. Document everything."
"Should I trust AI-generated code?","Review it the same way you would review code from a junior developer. It can be productive but it hallucinates, introduces subtle bugs, and does not understand your security context. Always review and test."
"What is RAG security?","Retrieval-Augmented Generation adds external data to LLM prompts. The security risks include data leakage through retrieval, poisoned knowledge bases, and injection via retrieved documents. Treat your retrieval pipeline as an attack surface."
"How do I detect AI-generated phishing?","It is getting harder. Look for perfect grammar with no personal context, generic urgency, and mismatched sender behavior. Technical controls like DMARC and link analysis still work. Training users on verification habits matters more than spotting fakes."
"What is model poisoning?","An attacker corrupts training data to make the model behave incorrectly in specific situations while appearing normal otherwise. It is a supply chain attack on your AI. Data provenance and validation are the defenses."
"How do I use AI for threat hunting?","Use it to analyze large log volumes, identify anomalous patterns, cluster related events, and generate hypotheses. But validate every finding manually. AI is great at suggesting where to look, not at concluding what happened."
"What is AI model extraction?","An attacker queries your model systematically to reconstruct its behavior or steal its training data. Rate limiting, query monitoring, and watermarking model outputs help detect and deter it."
"Can attackers use AI against us?","Absolutely. AI lowers the barrier for creating convincing phishing, generating malware variants, automating reconnaissance, and finding vulnerabilities. Defenders need to adopt AI at least as fast as attackers do."
"What is deepfake risk for enterprises?","Attackers can clone voices or faces for impersonation in vishing calls, fake video meetings, or fraudulent authorization. Verify identity through out-of-band channels, not just what you see or hear."
"How do AI guardrails work?","Guardrails are filters and checks on model inputs and outputs that enforce safety policies. They catch harmful content, block prompt injection, and ensure responses stay within bounds. They are necessary but not sufficient alone."
"How do I prioritize today's alerts?","Sort by severity and asset criticality first. Active threats on crown jewels beat medium alerts on test systems. Check for correlations between alerts. If three low alerts hit the same host, that is worth investigating."
"What should my morning security routine be?","Review overnight alerts, check threat intel for anything targeting your industry, verify backup status, glance at system health dashboards, and check in with your team. Fifteen minutes of context prevents hours of scrambling."
"How do I handle shadow IT?","Discovery first. Use network scanning, CASB tools, and expense reports to find unsanctioned services. Then work with the business to understand why they went around IT. Blocking without alternatives just drives it deeper underground."
"What if a developer commits secrets to git?","Rotate the exposed credentials immediately, do not wait. Remove the secrets from history using tools like git-filter-repo, add pre-commit hooks to prevent it in the future, and use a secrets manager going forward."
"How do I handle a rogue device on the network?","Isolate it first using port shutdown or VLAN quarantine. Identify the device, determine if it is malicious or just unauthorized, scan it, and decide whether to onboard or remove it. Log everything."
"My endpoint protection flagged something, now what?","Do not dismiss it. Check what triggered: the file hash, behavior, or signature. Look at what the process was doing, what spawned it, and whether other endpoints show similar activity. Investigate before you whitelist."
"How do I handle a suspicious email from the CEO?","Verify through a separate channel. Call or message the CEO directly, do not reply to the email. Check the sender address carefully, examine headers, and report it to security. CEO impersonation is extremely common."
"What if our backup failed?","Fix it now, not tomorrow. Determine why it failed, restore from the last good backup to verify integrity, and test your recovery procedure. An untested backup is not a backup, it is a hope."
"A vendor asked for VPN access, what do I check?","Verify the business need, limit access to only what they need, set an expiration date, require MFA, monitor their sessions, and have a documented process for revoking access when the engagement ends."
"How do I handle an alert on a weekend?","Follow the same process as a weekday but with more emphasis on documentation since the full team may not be available. If it is high severity, activate on-call. Do not let something fester until Monday."
"What if two security tools give conflicting results?","Investigate the discrepancy. Check the detection logic of each, look at raw evidence, and determine which has more context. Conflicting tools are a signal to dig deeper, not to pick the more convenient answer."
"How do I manage security during a cloud migration?","Shift left. Embed security in the migration planning, not after. Review IAM policies, enable logging from day one, check network segmentation, and do not assume the cloud provider handles everything."
"Our developers want to use open source libraries freely.","Support it with guardrails. Use software composition analysis to track dependencies, monitor for known vulnerabilities, enforce license compliance, and block libraries with critical unfixed issues."
"How do I secure remote workers?","MFA everywhere, endpoint protection, encrypted connections, device compliance checks, and zero trust network access. Assume the home network is hostile because it probably is."
"Is 100 percent security possible?","No, and anyone who claims otherwise is selling something. Security is about managing risk to an acceptable level, not eliminating it. The goal is resilience: detect fast, respond fast, recover fast."
"How much should we spend on security?","There is no magic percentage. Spend based on your risk profile, regulatory requirements, and threat landscape. A better question is: are you spending on the right things? A million dollars on the wrong tool is worse than ten thousand on the right process."
"Prevention vs detection, which matters more?","Both. Prevention reduces the number of incidents. Detection catches what prevention misses. A company with great prevention but no detection is blind to the threats that get through. You need layers."
"How do I measure security ROI?","Measure reduction in incidents, faster detection and response times, fewer audit findings, and lower breach costs. Compare the cost of controls to the expected cost of the risks they mitigate. It is imperfect but better than nothing."
"Should we do bug bounty or pentest?","They serve different purposes. Pentests are structured, time-bound, and give you a thorough assessment. Bug bounties provide continuous coverage from diverse perspectives. Mature organizations do both."
"How do I build a security-first culture?","Make security easy, visible, and rewarded. Celebrate good reporting, bake security into development workflows, give people tools that work with them not against them, and lead by example from the top."
"What is acceptable risk?","The level of risk the business is willing to tolerate after controls are applied. It should be a deliberate decision by leadership, not a default because nobody asked the question."
"How do I get developers to care about security?","Show them how vulnerabilities get exploited, give them tools that fit their workflow, make security feedback fast, and treat them as partners not adversaries. Nobody cares about security in the abstract. Make it concrete."
"Should we build or buy security tools?","Buy for commodity problems where commercial tools are mature. Build when your environment is unique or when integration requirements are specific. Most organizations do a mix. Avoid building what you can buy cheaply."
"How do I justify a new security hire?","Quantify the workload: alert volume per analyst, mean time to respond, coverage gaps, and burnout indicators. Show what risks are not being addressed because the team is at capacity. Frame it as risk reduction, not cost."
"What is defense in depth?","Layering multiple security controls so that if one fails, others still protect you. Firewall plus endpoint protection plus monitoring plus access controls. No single control is perfect, but together they are formidable."
"How do I balance security with usability?","Find controls that are both secure and convenient. MFA with push notifications, SSO, passwordless auth. When security is painful, people work around it. The best security is the kind people actually use."
"Is compliance the same as security?","No. Compliance is meeting a minimum standard defined by regulators. Security is actually protecting your systems. You can be compliant and insecure, or secure and non-compliant. Aim for both."
"How does SANCTA handle threats?","SANCTA processes threats through a five-layer security pipeline: input sanitization, content filtering, behavioral analysis, drift detection, and optional deep LLM scanning. Each layer logs to security.jsonl for full observability."
"What is SANCTA's security pipeline?","Five layers in order: unicode cleanup, content filtering, behavioral analysis, the BehavioralDriftDetector with six weighted signals, and Ollama deep scan when enabled. No layer is bypassed and each has its own telemetry."
"How does the epidemic model work in SANCTA?","SANCTA uses an SEIR model to track threat propagation across agents. Susceptible agents can become Exposed, then Infected, then Recovered. Drift signals and threat events drive state transitions. It models how compromise spreads."
"What is behavioral drift detection?","SANCTA monitors six signals: belief decay rate, soul alignment, topic drift, strategy entropy, dissonance trend, and engagement pattern delta. Each is weighted and combined into a drift score. High drift triggers investigation."
"How does SANCTA use the SEIR model?","The SEIR model represents agents as nodes with Susceptible, Exposed, Infected, or Recovered states. Parameters like R0, beta, gamma, and sigma control transition rates. Real events from the security pipeline feed the model."
"What is the trust routing system?","Trust routing determines how SANCTA handles requests based on knowledge confidence. When knowledge is effective, it uses the primary model. When confidence is low, it falls back to templates rather than risking unreliable answers."
"How does SANCTA learn from interactions?","SANCTA tracks learning health through sancta_learning.py, monitors epistemic state changes logged to philosophy.jsonl, and adjusts belief baselines through the BeliefSystem. It measures whether its knowledge is actually improving over time."
"What are SANCTA's security layers?","Layer 1 is input sanitization for unicode cleanup. Layer 2 is content filtering. Layer 3 is behavioral analysis. Layer 4 is the BehavioralDriftDetector with six weighted signals. Layer 5 is optional Ollama deep scan for suspicious content."
"How does SANCTA handle Ollama being down?","When Ollama is unavailable, SANCTA falls back to template-based responses in sancta_conversational.py. The exception is when knowledge is marked effective in GPT mode, where it fails closed rather than substituting unreliable responses."
"What is SANCTA's approach to observability?","Every security event, red team attempt, epistemic state change, and epidemic model update gets logged to dedicated JSONL streams. If you cannot measure it, you cannot fix it. Telemetry is added with every new feature, not after."
"My SIEM is too noisy, how do I fix it?","Step back and audit your rules. Disable rules that have never produced a true positive, tune thresholds to your environment, add context enrichment before alerting, and correlate signals to reduce individual alert volume."
"Our patching is always behind schedule.","Prioritize by exploitability and asset criticality, not just CVSS score. Automate where possible, set realistic SLAs by severity, and track patch compliance as a metric. Perfect patching is impossible, but prioritized patching is achievable."
"Users keep clicking phishing links despite training.","Training alone will not fix this. Add technical controls: email filtering, link rewriting, browser isolation, and endpoint detection. Make reporting easy and fast. And accept that some clicks will happen and design your defenses accordingly."
"We cannot hire enough security staff.","Automate the repetitive work, use managed services for commodity functions, upskill existing IT staff, and focus your security hires on the work that truly requires human judgment. You will never have enough people, so multiply the ones you have."
"Our compliance audit found gaps.","Prioritize the gaps by risk, not just by audit finding severity. Create a remediation plan with realistic timelines and owners. Track progress weekly. Use the audit as leverage to get budget for things you already knew needed fixing."
"The board does not understand cyber risk.","Translate technical risk into business terms. Use scenarios: what happens if our customer database is stolen, how much does a week of downtime cost, what is the regulatory penalty. Numbers and stories work better than jargon."
"Our incident response is too slow.","Measure where the time goes. Is it detection, triage, escalation, or containment? Automate the bottleneck. Pre-build runbooks for common scenarios. Run tabletop exercises monthly. Speed comes from preparation, not adrenaline."
"We have too many security tools.","Consolidation is often the right move. Map each tool to the risk it addresses and look for overlap. Two tools doing the same job means neither is doing it well. Focus on integration and workflow, not feature count."
"Our cloud environment is a mess.","Start with visibility. You cannot secure what you cannot see. Run a cloud security posture assessment, fix IAM overprivilege first, enable logging everywhere, and establish guardrails through infrastructure as code."
"Developers keep bypassing security reviews.","Make security review faster and less painful. Integrate it into CI/CD, provide self-service scanning, give clear and actionable feedback, and build relationships with development leads. If security is a bottleneck, people will route around it."
"We do not have a security budget.","You still have risk. Document the top three risks, estimate their potential cost, and present them to leadership with specific control recommendations and costs. Frame security spending as business insurance, not an IT expense."
"Our security metrics are meaningless.","Stop measuring activity and start measuring outcomes. Not how many patches were applied, but what percentage of critical assets are patched within SLA. Not how many alerts fired, but mean time to detect and respond."
"Legacy systems are our biggest risk.","Isolate them with network segmentation, monitor them heavily, limit who can access them, and build a realistic migration plan. You cannot ignore them, but you can contain the blast radius."
"Our security team is burned out.","Rotate on-call fairly, automate the drudge work, set realistic expectations, celebrate wins, and give people time for learning and projects they care about. Burned-out analysts miss things. Retention is a security control."
"Executives want a single security score.","Give them one, but educate them that it is a simplification. Use a composite score based on key risk indicators, show the trend over time, and always be ready to drill down into what drives the number."
"How do I handle security debt?","Track it like technical debt. Document known risks, prioritize by exploitability and impact, allocate time each sprint for remediation, and make it visible to leadership. Ignoring security debt is borrowing against future incidents."
"What is zero trust architecture?","Zero trust means never implicitly trusting anything based on network location. Every request is authenticated, authorized, and encrypted regardless of where it comes from. It is a model, not a product you can buy."
"How do I implement zero trust practically?","Start with identity: strong authentication and least privilege. Then add device health checks, micro-segmentation, and continuous monitoring. Do it incrementally. Nobody goes zero trust overnight."
"What is a security champion program?","You embed security-minded developers in each team to be the local security advocate. They do basic code reviews, triage tool findings, and bridge communication between security and engineering. It scales your security team's reach."
"How do I prepare for a tabletop exercise?","Pick a realistic scenario, define the participants and their roles, prepare injects that escalate the situation, and have clear objectives for what you want to test. The goal is learning, not passing."
"What is the difference between red team and pentest?","A pentest focuses on finding vulnerabilities in a defined scope. A red team simulates a real adversary with broader scope, including social engineering and physical access, to test your detection and response capabilities."
"How do I handle a zero-day disclosure?","Assess if you are affected, check for active exploitation, implement any available mitigations like WAF rules or network restrictions, and monitor closely until a patch is available. Communicate status to stakeholders."
"What is threat hunting?","Proactively searching for threats that evaded your automated detection. You form hypotheses about attacker behavior, query your data to test them, and either find evidence or improve your detection based on what you learn."
"How do I start a threat hunting program?","Begin with hypothesis-driven hunts based on threat intelligence relevant to your environment. Use your existing logs, define a hunt cadence, document findings, and convert successful hunts into automated detections."
"What is UEBA?","User and Entity Behavior Analytics builds baselines of normal behavior and flags deviations. It helps catch insider threats and compromised accounts that signature-based detection misses. The trick is tuning it so the baselines are meaningful."
"How do I evaluate a new security tool?","Define what problem it solves, test it against your real data, measure its detection and false positive rates, assess integration with your existing stack, and check the vendor's support and roadmap. A good demo is not a good evaluation."
"What is DevSecOps?","Integrating security into every phase of the development lifecycle rather than bolting it on at the end. Automated scanning in CI/CD, security requirements in design, and shared responsibility between dev and security teams."
"How do I secure containers?","Use minimal base images, scan for vulnerabilities before deployment, run as non-root, limit capabilities, use network policies, and monitor runtime behavior. Treat containers as immutable: rebuild rather than patch in place."
"What is CSPM?","Cloud Security Posture Management continuously monitors your cloud configuration for misconfigurations, compliance violations, and security risks. It catches the public S3 bucket before the attacker does."
"How do I handle a DDoS attack?","Activate your DDoS mitigation service, work with your ISP, identify the attack vector, filter malicious traffic at the edge, and communicate with stakeholders. Have a runbook ready before it happens."
"What is the NIST Cybersecurity Framework?","A voluntary framework organized around five functions: Identify, Protect, Detect, Respond, and Recover. It helps organizations assess and improve their security posture in a structured way. It is widely adopted and a good starting point."
"How do I do a risk assessment?","Identify your assets and their value, identify threats and vulnerabilities, estimate likelihood and impact, calculate risk, and prioritize controls. Keep it practical. A perfect risk assessment that never gets used is worthless."
"What is data loss prevention?","DLP tools monitor and control data movement to prevent sensitive information from leaving the organization through email, web uploads, USB drives, or other channels. They work best when you know what data matters most."
"What is an API security best practice?","Authenticate every request, authorize at the resource level, validate all inputs, rate limit, log everything, and do not expose internal implementation details in error messages. APIs are the new perimeter."
"How do I secure email properly?","Deploy SPF, DKIM, and DMARC to prevent spoofing. Use email filtering for malware and phishing. Enable MFA on all email accounts. Train users to verify unexpected requests through separate channels."
"What is micro-segmentation?","Dividing your network into very small segments with individual security policies. Instead of a flat network where any compromised host can reach everything, each workload only communicates with what it explicitly needs."
"How do I handle a rogue admin?","This is an insider threat scenario. Limit blast radius with separation of duties, monitor privileged account activity, require approval workflows for sensitive actions, and have a plan to revoke access quickly if needed."
