"Question","Answer"
"How do you secure API gateways against unauthorized access using least privilege?","Least privilege is a key control for API gateways because it narrows exposure and makes unauthorized access harder to execute. Teams should pair it with monitoring, change review, and tested rollback paths."
"What cloud or application security guidance applies policy as code to API gateways to reduce unauthorized access?","To reduce unauthorized access around API gateways, engineers should implement policy as code in an auditable way, validate it continuously, and align it with the service's trust boundaries."
"Why is continuous scanning important for API gateways when preventing unauthorized access?","A strong cloud security answer explains how continuous scanning changes access, visibility, and blast radius for API gateways. That is what makes it effective against unauthorized access."
"How do you secure API gateways against unauthorized access using workload identity?","Workload identity is a key control for API gateways because it narrows exposure and makes unauthorized access harder to execute. Teams should pair it with monitoring, change review, and tested rollback paths."
"What cloud or application security guidance applies encryption in transit to API gateways to reduce unauthorized access?","To reduce unauthorized access around API gateways, engineers should implement encryption in transit in an auditable way, validate it continuously, and align it with the service's trust boundaries."
"Why is least privilege important for API gateways when preventing secret leakage?","A strong cloud security answer explains how least privilege changes access, visibility, and blast radius for API gateways. That is what makes it effective against secret leakage."
"How do you secure API gateways against secret leakage using policy as code?","Policy as code is a key control for API gateways because it narrows exposure and makes secret leakage harder to execute. Teams should pair it with monitoring, change review, and tested rollback paths."
"What cloud or application security guidance applies continuous scanning to API gateways to reduce secret leakage?","To reduce secret leakage around API gateways, engineers should implement continuous scanning in an auditable way, validate it continuously, and align it with the service's trust boundaries."
"Why is workload identity important for API gateways when preventing secret leakage?","A strong cloud security answer explains how workload identity changes access, visibility, and blast radius for API gateways. That is what makes it effective against secret leakage."
"How do you secure API gateways against secret leakage using encryption in transit?","Encryption in transit is a key control for API gateways because it narrows exposure and makes secret leakage harder to execute. Teams should pair it with monitoring, change review, and tested rollback paths."
"What cloud or application security guidance applies least privilege to API gateways to reduce misconfiguration drift?","To reduce misconfiguration drift around API gateways, engineers should implement least privilege in an auditable way, validate it continuously, and align it with the service's trust boundaries."
"Why is policy as code important for API gateways when preventing misconfiguration drift?","A strong cloud security answer explains how policy as code changes access, visibility, and blast radius for API gateways. That is what makes it effective against misconfiguration drift."
"How do you secure API gateways against misconfiguration drift using continuous scanning?","Continuous scanning is a key control for API gateways because it narrows exposure and makes misconfiguration drift harder to execute. Teams should pair it with monitoring, change review, and tested rollback paths."
"What cloud or application security guidance applies workload identity to API gateways to reduce misconfiguration drift?","To reduce misconfiguration drift around API gateways, engineers should implement workload identity in an auditable way, validate it continuously, and align it with the service's trust boundaries."
"Why is encryption in transit important for API gateways when preventing misconfiguration drift?","A strong cloud security answer explains how encryption in transit changes access, visibility, and blast radius for API gateways. That is what makes it effective against misconfiguration drift."
"How do you secure API gateways against cross-tenant exposure using least privilege?","Least privilege is a key control for API gateways because it narrows exposure and makes cross-tenant exposure harder to execute. Teams should pair it with monitoring, change review, and tested rollback paths."
"What cloud or application security guidance applies policy as code to API gateways to reduce cross-tenant exposure?","To reduce cross-tenant exposure around API gateways, engineers should implement policy as code in an auditable way, validate it continuously, and align it with the service's trust boundaries."
"Why is continuous scanning important for API gateways when preventing cross-tenant exposure?","A strong cloud security answer explains how continuous scanning changes access, visibility, and blast radius for API gateways. That is what makes it effective against cross-tenant exposure."
"How do you secure API gateways against cross-tenant exposure using workload identity?","Workload identity is a key control for API gateways because it narrows exposure and makes cross-tenant exposure harder to execute. Teams should pair it with monitoring, change review, and tested rollback paths."
"What cloud or application security guidance applies encryption in transit to API gateways to reduce cross-tenant exposure?","To reduce cross-tenant exposure around API gateways, engineers should implement encryption in transit in an auditable way, validate it continuously, and align it with the service's trust boundaries."
"Why is least privilege important for API gateways when preventing supply chain tampering?","A strong cloud security answer explains how least privilege changes access, visibility, and blast radius for API gateways. That is what makes it effective against supply chain tampering."
"How do you secure API gateways against supply chain tampering using policy as code?","Policy as code is a key control for API gateways because it narrows exposure and makes supply chain tampering harder to execute. Teams should pair it with monitoring, change review, and tested rollback paths."
"What cloud or application security guidance applies continuous scanning to API gateways to reduce supply chain tampering?","To reduce supply chain tampering around API gateways, engineers should implement continuous scanning in an auditable way, validate it continuously, and align it with the service's trust boundaries."
"Why is workload identity important for API gateways when preventing supply chain tampering?","A strong cloud security answer explains how workload identity changes access, visibility, and blast radius for API gateways. That is what makes it effective against supply chain tampering."
"How do you secure API gateways against supply chain tampering using encryption in transit?","Encryption in transit is a key control for API gateways because it narrows exposure and makes supply chain tampering harder to execute. Teams should pair it with monitoring, change review, and tested rollback paths."
"What cloud or application security guidance applies least privilege to API gateways to reduce data exfiltration?","To reduce data exfiltration around API gateways, engineers should implement least privilege in an auditable way, validate it continuously, and align it with the service's trust boundaries."
"Why is policy as code important for API gateways when preventing data exfiltration?","A strong cloud security answer explains how policy as code changes access, visibility, and blast radius for API gateways. That is what makes it effective against data exfiltration."
"How do you secure API gateways against data exfiltration using continuous scanning?","Continuous scanning is a key control for API gateways because it narrows exposure and makes data exfiltration harder to execute. Teams should pair it with monitoring, change review, and tested rollback paths."
"What cloud or application security guidance applies workload identity to API gateways to reduce data exfiltration?","To reduce data exfiltration around API gateways, engineers should implement workload identity in an auditable way, validate it continuously, and align it with the service's trust boundaries."
"Why is encryption in transit important for API gateways when preventing data exfiltration?","A strong cloud security answer explains how encryption in transit changes access, visibility, and blast radius for API gateways. That is what makes it effective against data exfiltration."
"How do you secure serverless inference functions against unauthorized access using least privilege?","Least privilege is a key control for serverless inference functions because it narrows exposure and makes unauthorized access harder to execute. Teams should pair it with monitoring, change review, and tested rollback paths."
"What cloud or application security guidance applies policy as code to serverless inference functions to reduce unauthorized access?","To reduce unauthorized access around serverless inference functions, engineers should implement policy as code in an auditable way, validate it continuously, and align it with the service's trust boundaries."
"Why is continuous scanning important for serverless inference functions when preventing unauthorized access?","A strong cloud security answer explains how continuous scanning changes access, visibility, and blast radius for serverless inference functions. That is what makes it effective against unauthorized access."
"How do you secure serverless inference functions against unauthorized access using workload identity?","Workload identity is a key control for serverless inference functions because it narrows exposure and makes unauthorized access harder to execute. Teams should pair it with monitoring, change review, and tested rollback paths."
"What cloud or application security guidance applies encryption in transit to serverless inference functions to reduce unauthorized access?","To reduce unauthorized access around serverless inference functions, engineers should implement encryption in transit in an auditable way, validate it continuously, and align it with the service's trust boundaries."
"Why is least privilege important for serverless inference functions when preventing secret leakage?","A strong cloud security answer explains how least privilege changes access, visibility, and blast radius for serverless inference functions. That is what makes it effective against secret leakage."
"How do you secure serverless inference functions against secret leakage using policy as code?","Policy as code is a key control for serverless inference functions because it narrows exposure and makes secret leakage harder to execute. Teams should pair it with monitoring, change review, and tested rollback paths."
"What cloud or application security guidance applies continuous scanning to serverless inference functions to reduce secret leakage?","To reduce secret leakage around serverless inference functions, engineers should implement continuous scanning in an auditable way, validate it continuously, and align it with the service's trust boundaries."
"Why is workload identity important for serverless inference functions when preventing secret leakage?","A strong cloud security answer explains how workload identity changes access, visibility, and blast radius for serverless inference functions. That is what makes it effective against secret leakage."
"How do you secure serverless inference functions against secret leakage using encryption in transit?","Encryption in transit is a key control for serverless inference functions because it narrows exposure and makes secret leakage harder to execute. Teams should pair it with monitoring, change review, and tested rollback paths."
"What cloud or application security guidance applies least privilege to serverless inference functions to reduce misconfiguration drift?","To reduce misconfiguration drift around serverless inference functions, engineers should implement least privilege in an auditable way, validate it continuously, and align it with the service's trust boundaries."
"Why is policy as code important for serverless inference functions when preventing misconfiguration drift?","A strong cloud security answer explains how policy as code changes access, visibility, and blast radius for serverless inference functions. That is what makes it effective against misconfiguration drift."
"How do you secure serverless inference functions against misconfiguration drift using continuous scanning?","Continuous scanning is a key control for serverless inference functions because it narrows exposure and makes misconfiguration drift harder to execute. Teams should pair it with monitoring, change review, and tested rollback paths."
"What cloud or application security guidance applies workload identity to serverless inference functions to reduce misconfiguration drift?","To reduce misconfiguration drift around serverless inference functions, engineers should implement workload identity in an auditable way, validate it continuously, and align it with the service's trust boundaries."
"Why is encryption in transit important for serverless inference functions when preventing misconfiguration drift?","A strong cloud security answer explains how encryption in transit changes access, visibility, and blast radius for serverless inference functions. That is what makes it effective against misconfiguration drift."
"How do you secure serverless inference functions against cross-tenant exposure using least privilege?","Least privilege is a key control for serverless inference functions because it narrows exposure and makes cross-tenant exposure harder to execute. Teams should pair it with monitoring, change review, and tested rollback paths."
"What cloud or application security guidance applies policy as code to serverless inference functions to reduce cross-tenant exposure?","To reduce cross-tenant exposure around serverless inference functions, engineers should implement policy as code in an auditable way, validate it continuously, and align it with the service's trust boundaries."
"Why is continuous scanning important for serverless inference functions when preventing cross-tenant exposure?","A strong cloud security answer explains how continuous scanning changes access, visibility, and blast radius for serverless inference functions. That is what makes it effective against cross-tenant exposure."
"How do you secure serverless inference functions against cross-tenant exposure using workload identity?","Workload identity is a key control for serverless inference functions because it narrows exposure and makes cross-tenant exposure harder to execute. Teams should pair it with monitoring, change review, and tested rollback paths."
"What cloud or application security guidance applies encryption in transit to serverless inference functions to reduce cross-tenant exposure?","To reduce cross-tenant exposure around serverless inference functions, engineers should implement encryption in transit in an auditable way, validate it continuously, and align it with the service's trust boundaries."
"Why is least privilege important for serverless inference functions when preventing supply chain tampering?","A strong cloud security answer explains how least privilege changes access, visibility, and blast radius for serverless inference functions. That is what makes it effective against supply chain tampering."
"How do you secure serverless inference functions against supply chain tampering using policy as code?","Policy as code is a key control for serverless inference functions because it narrows exposure and makes supply chain tampering harder to execute. Teams should pair it with monitoring, change review, and tested rollback paths."
"What cloud or application security guidance applies continuous scanning to serverless inference functions to reduce supply chain tampering?","To reduce supply chain tampering around serverless inference functions, engineers should implement continuous scanning in an auditable way, validate it continuously, and align it with the service's trust boundaries."
"Why is workload identity important for serverless inference functions when preventing supply chain tampering?","A strong cloud security answer explains how workload identity changes access, visibility, and blast radius for serverless inference functions. That is what makes it effective against supply chain tampering."
"How do you secure serverless inference functions against supply chain tampering using encryption in transit?","Encryption in transit is a key control for serverless inference functions because it narrows exposure and makes supply chain tampering harder to execute. Teams should pair it with monitoring, change review, and tested rollback paths."
"What cloud or application security guidance applies least privilege to serverless inference functions to reduce data exfiltration?","To reduce data exfiltration around serverless inference functions, engineers should implement least privilege in an auditable way, validate it continuously, and align it with the service's trust boundaries."
"Why is policy as code important for serverless inference functions when preventing data exfiltration?","A strong cloud security answer explains how policy as code changes access, visibility, and blast radius for serverless inference functions. That is what makes it effective against data exfiltration."
"How do you secure serverless inference functions against data exfiltration using continuous scanning?","Continuous scanning is a key control for serverless inference functions because it narrows exposure and makes data exfiltration harder to execute. Teams should pair it with monitoring, change review, and tested rollback paths."
"What cloud or application security guidance applies workload identity to serverless inference functions to reduce data exfiltration?","To reduce data exfiltration around serverless inference functions, engineers should implement workload identity in an auditable way, validate it continuously, and align it with the service's trust boundaries."
"Why is encryption in transit important for serverless inference functions when preventing data exfiltration?","A strong cloud security answer explains how encryption in transit changes access, visibility, and blast radius for serverless inference functions. That is what makes it effective against data exfiltration."
"How do you secure containerized model servers against unauthorized access using least privilege?","Least privilege is a key control for containerized model servers because it narrows exposure and makes unauthorized access harder to execute. Teams should pair it with monitoring, change review, and tested rollback paths."
"What cloud or application security guidance applies policy as code to containerized model servers to reduce unauthorized access?","To reduce unauthorized access around containerized model servers, engineers should implement policy as code in an auditable way, validate it continuously, and align it with the service's trust boundaries."
"Why is continuous scanning important for containerized model servers when preventing unauthorized access?","A strong cloud security answer explains how continuous scanning changes access, visibility, and blast radius for containerized model servers. That is what makes it effective against unauthorized access."
"How do you secure containerized model servers against unauthorized access using workload identity?","Workload identity is a key control for containerized model servers because it narrows exposure and makes unauthorized access harder to execute. Teams should pair it with monitoring, change review, and tested rollback paths."
"What cloud or application security guidance applies encryption in transit to containerized model servers to reduce unauthorized access?","To reduce unauthorized access around containerized model servers, engineers should implement encryption in transit in an auditable way, validate it continuously, and align it with the service's trust boundaries."
"Why is least privilege important for containerized model servers when preventing secret leakage?","A strong cloud security answer explains how least privilege changes access, visibility, and blast radius for containerized model servers. That is what makes it effective against secret leakage."
"How do you secure containerized model servers against secret leakage using policy as code?","Policy as code is a key control for containerized model servers because it narrows exposure and makes secret leakage harder to execute. Teams should pair it with monitoring, change review, and tested rollback paths."
"What cloud or application security guidance applies continuous scanning to containerized model servers to reduce secret leakage?","To reduce secret leakage around containerized model servers, engineers should implement continuous scanning in an auditable way, validate it continuously, and align it with the service's trust boundaries."
"Why is workload identity important for containerized model servers when preventing secret leakage?","A strong cloud security answer explains how workload identity changes access, visibility, and blast radius for containerized model servers. That is what makes it effective against secret leakage."
"How do you secure containerized model servers against secret leakage using encryption in transit?","Encryption in transit is a key control for containerized model servers because it narrows exposure and makes secret leakage harder to execute. Teams should pair it with monitoring, change review, and tested rollback paths."
"What cloud or application security guidance applies least privilege to containerized model servers to reduce misconfiguration drift?","To reduce misconfiguration drift around containerized model servers, engineers should implement least privilege in an auditable way, validate it continuously, and align it with the service's trust boundaries."
"Why is policy as code important for containerized model servers when preventing misconfiguration drift?","A strong cloud security answer explains how policy as code changes access, visibility, and blast radius for containerized model servers. That is what makes it effective against misconfiguration drift."
"How do you secure containerized model servers against misconfiguration drift using continuous scanning?","Continuous scanning is a key control for containerized model servers because it narrows exposure and makes misconfiguration drift harder to execute. Teams should pair it with monitoring, change review, and tested rollback paths."
"What cloud or application security guidance applies workload identity to containerized model servers to reduce misconfiguration drift?","To reduce misconfiguration drift around containerized model servers, engineers should implement workload identity in an auditable way, validate it continuously, and align it with the service's trust boundaries."
"Why is encryption in transit important for containerized model servers when preventing misconfiguration drift?","A strong cloud security answer explains how encryption in transit changes access, visibility, and blast radius for containerized model servers. That is what makes it effective against misconfiguration drift."
"How do you secure containerized model servers against cross-tenant exposure using least privilege?","Least privilege is a key control for containerized model servers because it narrows exposure and makes cross-tenant exposure harder to execute. Teams should pair it with monitoring, change review, and tested rollback paths."
"What cloud or application security guidance applies policy as code to containerized model servers to reduce cross-tenant exposure?","To reduce cross-tenant exposure around containerized model servers, engineers should implement policy as code in an auditable way, validate it continuously, and align it with the service's trust boundaries."
"Why is continuous scanning important for containerized model servers when preventing cross-tenant exposure?","A strong cloud security answer explains how continuous scanning changes access, visibility, and blast radius for containerized model servers. That is what makes it effective against cross-tenant exposure."
"How do you secure containerized model servers against cross-tenant exposure using workload identity?","Workload identity is a key control for containerized model servers because it narrows exposure and makes cross-tenant exposure harder to execute. Teams should pair it with monitoring, change review, and tested rollback paths."
"What cloud or application security guidance applies encryption in transit to containerized model servers to reduce cross-tenant exposure?","To reduce cross-tenant exposure around containerized model servers, engineers should implement encryption in transit in an auditable way, validate it continuously, and align it with the service's trust boundaries."
"Why is least privilege important for containerized model servers when preventing supply chain tampering?","A strong cloud security answer explains how least privilege changes access, visibility, and blast radius for containerized model servers. That is what makes it effective against supply chain tampering."
"How do you secure containerized model servers against supply chain tampering using policy as code?","Policy as code is a key control for containerized model servers because it narrows exposure and makes supply chain tampering harder to execute. Teams should pair it with monitoring, change review, and tested rollback paths."
"What cloud or application security guidance applies continuous scanning to containerized model servers to reduce supply chain tampering?","To reduce supply chain tampering around containerized model servers, engineers should implement continuous scanning in an auditable way, validate it continuously, and align it with the service's trust boundaries."
"Why is workload identity important for containerized model servers when preventing supply chain tampering?","A strong cloud security answer explains how workload identity changes access, visibility, and blast radius for containerized model servers. That is what makes it effective against supply chain tampering."
"How do you secure containerized model servers against supply chain tampering using encryption in transit?","Encryption in transit is a key control for containerized model servers because it narrows exposure and makes supply chain tampering harder to execute. Teams should pair it with monitoring, change review, and tested rollback paths."
"What cloud or application security guidance applies least privilege to containerized model servers to reduce data exfiltration?","To reduce data exfiltration around containerized model servers, engineers should implement least privilege in an auditable way, validate it continuously, and align it with the service's trust boundaries."
"Why is policy as code important for containerized model servers when preventing data exfiltration?","A strong cloud security answer explains how policy as code changes access, visibility, and blast radius for containerized model servers. That is what makes it effective against data exfiltration."
"How do you secure containerized model servers against data exfiltration using continuous scanning?","Continuous scanning is a key control for containerized model servers because it narrows exposure and makes data exfiltration harder to execute. Teams should pair it with monitoring, change review, and tested rollback paths."
"What cloud or application security guidance applies workload identity to containerized model servers to reduce data exfiltration?","To reduce data exfiltration around containerized model servers, engineers should implement workload identity in an auditable way, validate it continuously, and align it with the service's trust boundaries."
"Why is encryption in transit important for containerized model servers when preventing data exfiltration?","A strong cloud security answer explains how encryption in transit changes access, visibility, and blast radius for containerized model servers. That is what makes it effective against data exfiltration."
"How do you secure retrieval services against unauthorized access using least privilege?","Least privilege is a key control for retrieval services because it narrows exposure and makes unauthorized access harder to execute. Teams should pair it with monitoring, change review, and tested rollback paths."
"What cloud or application security guidance applies policy as code to retrieval services to reduce unauthorized access?","To reduce unauthorized access around retrieval services, engineers should implement policy as code in an auditable way, validate it continuously, and align it with the service's trust boundaries."
"Why is continuous scanning important for retrieval services when preventing unauthorized access?","A strong cloud security answer explains how continuous scanning changes access, visibility, and blast radius for retrieval services. That is what makes it effective against unauthorized access."
"How do you secure retrieval services against unauthorized access using workload identity?","Workload identity is a key control for retrieval services because it narrows exposure and makes unauthorized access harder to execute. Teams should pair it with monitoring, change review, and tested rollback paths."
"What cloud or application security guidance applies encryption in transit to retrieval services to reduce unauthorized access?","To reduce unauthorized access around retrieval services, engineers should implement encryption in transit in an auditable way, validate it continuously, and align it with the service's trust boundaries."
"Why is least privilege important for retrieval services when preventing secret leakage?","A strong cloud security answer explains how least privilege changes access, visibility, and blast radius for retrieval services. That is what makes it effective against secret leakage."
"How do you secure retrieval services against secret leakage using policy as code?","Policy as code is a key control for retrieval services because it narrows exposure and makes secret leakage harder to execute. Teams should pair it with monitoring, change review, and tested rollback paths."
"What cloud or application security guidance applies continuous scanning to retrieval services to reduce secret leakage?","To reduce secret leakage around retrieval services, engineers should implement continuous scanning in an auditable way, validate it continuously, and align it with the service's trust boundaries."
"Why is workload identity important for retrieval services when preventing secret leakage?","A strong cloud security answer explains how workload identity changes access, visibility, and blast radius for retrieval services. That is what makes it effective against secret leakage."
"How do you secure retrieval services against secret leakage using encryption in transit?","Encryption in transit is a key control for retrieval services because it narrows exposure and makes secret leakage harder to execute. Teams should pair it with monitoring, change review, and tested rollback paths."
"What cloud or application security guidance applies least privilege to retrieval services to reduce misconfiguration drift?","To reduce misconfiguration drift around retrieval services, engineers should implement least privilege in an auditable way, validate it continuously, and align it with the service's trust boundaries."
"Why is policy as code important for retrieval services when preventing misconfiguration drift?","A strong cloud security answer explains how policy as code changes access, visibility, and blast radius for retrieval services. That is what makes it effective against misconfiguration drift."
"How do you secure retrieval services against misconfiguration drift using continuous scanning?","Continuous scanning is a key control for retrieval services because it narrows exposure and makes misconfiguration drift harder to execute. Teams should pair it with monitoring, change review, and tested rollback paths."
"What cloud or application security guidance applies workload identity to retrieval services to reduce misconfiguration drift?","To reduce misconfiguration drift around retrieval services, engineers should implement workload identity in an auditable way, validate it continuously, and align it with the service's trust boundaries."
"Why is encryption in transit important for retrieval services when preventing misconfiguration drift?","A strong cloud security answer explains how encryption in transit changes access, visibility, and blast radius for retrieval services. That is what makes it effective against misconfiguration drift."
"How do you secure retrieval services against cross-tenant exposure using least privilege?","Least privilege is a key control for retrieval services because it narrows exposure and makes cross-tenant exposure harder to execute. Teams should pair it with monitoring, change review, and tested rollback paths."
"What cloud or application security guidance applies policy as code to retrieval services to reduce cross-tenant exposure?","To reduce cross-tenant exposure around retrieval services, engineers should implement policy as code in an auditable way, validate it continuously, and align it with the service's trust boundaries."
"Why is continuous scanning important for retrieval services when preventing cross-tenant exposure?","A strong cloud security answer explains how continuous scanning changes access, visibility, and blast radius for retrieval services. That is what makes it effective against cross-tenant exposure."
"How do you secure retrieval services against cross-tenant exposure using workload identity?","Workload identity is a key control for retrieval services because it narrows exposure and makes cross-tenant exposure harder to execute. Teams should pair it with monitoring, change review, and tested rollback paths."
"What cloud or application security guidance applies encryption in transit to retrieval services to reduce cross-tenant exposure?","To reduce cross-tenant exposure around retrieval services, engineers should implement encryption in transit in an auditable way, validate it continuously, and align it with the service's trust boundaries."
"Why is least privilege important for retrieval services when preventing supply chain tampering?","A strong cloud security answer explains how least privilege changes access, visibility, and blast radius for retrieval services. That is what makes it effective against supply chain tampering."
"How do you secure retrieval services against supply chain tampering using policy as code?","Policy as code is a key control for retrieval services because it narrows exposure and makes supply chain tampering harder to execute. Teams should pair it with monitoring, change review, and tested rollback paths."
"What cloud or application security guidance applies continuous scanning to retrieval services to reduce supply chain tampering?","To reduce supply chain tampering around retrieval services, engineers should implement continuous scanning in an auditable way, validate it continuously, and align it with the service's trust boundaries."
"Why is workload identity important for retrieval services when preventing supply chain tampering?","A strong cloud security answer explains how workload identity changes access, visibility, and blast radius for retrieval services. That is what makes it effective against supply chain tampering."
"How do you secure retrieval services against supply chain tampering using encryption in transit?","Encryption in transit is a key control for retrieval services because it narrows exposure and makes supply chain tampering harder to execute. Teams should pair it with monitoring, change review, and tested rollback paths."
"What cloud or application security guidance applies least privilege to retrieval services to reduce data exfiltration?","To reduce data exfiltration around retrieval services, engineers should implement least privilege in an auditable way, validate it continuously, and align it with the service's trust boundaries."
"Why is policy as code important for retrieval services when preventing data exfiltration?","A strong cloud security answer explains how policy as code changes access, visibility, and blast radius for retrieval services. That is what makes it effective against data exfiltration."
"How do you secure retrieval services against data exfiltration using continuous scanning?","Continuous scanning is a key control for retrieval services because it narrows exposure and makes data exfiltration harder to execute. Teams should pair it with monitoring, change review, and tested rollback paths."
"What cloud or application security guidance applies workload identity to retrieval services to reduce data exfiltration?","To reduce data exfiltration around retrieval services, engineers should implement workload identity in an auditable way, validate it continuously, and align it with the service's trust boundaries."
"Why is encryption in transit important for retrieval services when preventing data exfiltration?","A strong cloud security answer explains how encryption in transit changes access, visibility, and blast radius for retrieval services. That is what makes it effective against data exfiltration."
"How do you secure managed vector databases against unauthorized access using least privilege?","Least privilege is a key control for managed vector databases because it narrows exposure and makes unauthorized access harder to execute. Teams should pair it with monitoring, change review, and tested rollback paths."
"What cloud or application security guidance applies policy as code to managed vector databases to reduce unauthorized access?","To reduce unauthorized access around managed vector databases, engineers should implement policy as code in an auditable way, validate it continuously, and align it with the service's trust boundaries."
"Why is continuous scanning important for managed vector databases when preventing unauthorized access?","A strong cloud security answer explains how continuous scanning changes access, visibility, and blast radius for managed vector databases. That is what makes it effective against unauthorized access."
"How do you secure managed vector databases against unauthorized access using workload identity?","Workload identity is a key control for managed vector databases because it narrows exposure and makes unauthorized access harder to execute. Teams should pair it with monitoring, change review, and tested rollback paths."
"What cloud or application security guidance applies encryption in transit to managed vector databases to reduce unauthorized access?","To reduce unauthorized access around managed vector databases, engineers should implement encryption in transit in an auditable way, validate it continuously, and align it with the service's trust boundaries."
"Why is least privilege important for managed vector databases when preventing secret leakage?","A strong cloud security answer explains how least privilege changes access, visibility, and blast radius for managed vector databases. That is what makes it effective against secret leakage."
"How do you secure managed vector databases against secret leakage using policy as code?","Policy as code is a key control for managed vector databases because it narrows exposure and makes secret leakage harder to execute. Teams should pair it with monitoring, change review, and tested rollback paths."
"What cloud or application security guidance applies continuous scanning to managed vector databases to reduce secret leakage?","To reduce secret leakage around managed vector databases, engineers should implement continuous scanning in an auditable way, validate it continuously, and align it with the service's trust boundaries."
"Why is workload identity important for managed vector databases when preventing secret leakage?","A strong cloud security answer explains how workload identity changes access, visibility, and blast radius for managed vector databases. That is what makes it effective against secret leakage."
"How do you secure managed vector databases against secret leakage using encryption in transit?","Encryption in transit is a key control for managed vector databases because it narrows exposure and makes secret leakage harder to execute. Teams should pair it with monitoring, change review, and tested rollback paths."
"What cloud or application security guidance applies least privilege to managed vector databases to reduce misconfiguration drift?","To reduce misconfiguration drift around managed vector databases, engineers should implement least privilege in an auditable way, validate it continuously, and align it with the service's trust boundaries."
"Why is policy as code important for managed vector databases when preventing misconfiguration drift?","A strong cloud security answer explains how policy as code changes access, visibility, and blast radius for managed vector databases. That is what makes it effective against misconfiguration drift."
"How do you secure managed vector databases against misconfiguration drift using continuous scanning?","Continuous scanning is a key control for managed vector databases because it narrows exposure and makes misconfiguration drift harder to execute. Teams should pair it with monitoring, change review, and tested rollback paths."
"What cloud or application security guidance applies workload identity to managed vector databases to reduce misconfiguration drift?","To reduce misconfiguration drift around managed vector databases, engineers should implement workload identity in an auditable way, validate it continuously, and align it with the service's trust boundaries."
"Why is encryption in transit important for managed vector databases when preventing misconfiguration drift?","A strong cloud security answer explains how encryption in transit changes access, visibility, and blast radius for managed vector databases. That is what makes it effective against misconfiguration drift."
"How do you secure managed vector databases against cross-tenant exposure using least privilege?","Least privilege is a key control for managed vector databases because it narrows exposure and makes cross-tenant exposure harder to execute. Teams should pair it with monitoring, change review, and tested rollback paths."
"What cloud or application security guidance applies policy as code to managed vector databases to reduce cross-tenant exposure?","To reduce cross-tenant exposure around managed vector databases, engineers should implement policy as code in an auditable way, validate it continuously, and align it with the service's trust boundaries."
"Why is continuous scanning important for managed vector databases when preventing cross-tenant exposure?","A strong cloud security answer explains how continuous scanning changes access, visibility, and blast radius for managed vector databases. That is what makes it effective against cross-tenant exposure."
"How do you secure managed vector databases against cross-tenant exposure using workload identity?","Workload identity is a key control for managed vector databases because it narrows exposure and makes cross-tenant exposure harder to execute. Teams should pair it with monitoring, change review, and tested rollback paths."
"What cloud or application security guidance applies encryption in transit to managed vector databases to reduce cross-tenant exposure?","To reduce cross-tenant exposure around managed vector databases, engineers should implement encryption in transit in an auditable way, validate it continuously, and align it with the service's trust boundaries."
"Why is least privilege important for managed vector databases when preventing supply chain tampering?","A strong cloud security answer explains how least privilege changes access, visibility, and blast radius for managed vector databases. That is what makes it effective against supply chain tampering."
"How do you secure managed vector databases against supply chain tampering using policy as code?","Policy as code is a key control for managed vector databases because it narrows exposure and makes supply chain tampering harder to execute. Teams should pair it with monitoring, change review, and tested rollback paths."
"What cloud or application security guidance applies continuous scanning to managed vector databases to reduce supply chain tampering?","To reduce supply chain tampering around managed vector databases, engineers should implement continuous scanning in an auditable way, validate it continuously, and align it with the service's trust boundaries."
"Why is workload identity important for managed vector databases when preventing supply chain tampering?","A strong cloud security answer explains how workload identity changes access, visibility, and blast radius for managed vector databases. That is what makes it effective against supply chain tampering."
"How do you secure managed vector databases against supply chain tampering using encryption in transit?","Encryption in transit is a key control for managed vector databases because it narrows exposure and makes supply chain tampering harder to execute. Teams should pair it with monitoring, change review, and tested rollback paths."
"What cloud or application security guidance applies least privilege to managed vector databases to reduce data exfiltration?","To reduce data exfiltration around managed vector databases, engineers should implement least privilege in an auditable way, validate it continuously, and align it with the service's trust boundaries."
"Why is policy as code important for managed vector databases when preventing data exfiltration?","A strong cloud security answer explains how policy as code changes access, visibility, and blast radius for managed vector databases. That is what makes it effective against data exfiltration."
"How do you secure managed vector databases against data exfiltration using continuous scanning?","Continuous scanning is a key control for managed vector databases because it narrows exposure and makes data exfiltration harder to execute. Teams should pair it with monitoring, change review, and tested rollback paths."
"What cloud or application security guidance applies workload identity to managed vector databases to reduce data exfiltration?","To reduce data exfiltration around managed vector databases, engineers should implement workload identity in an auditable way, validate it continuously, and align it with the service's trust boundaries."
"Why is encryption in transit important for managed vector databases when preventing data exfiltration?","A strong cloud security answer explains how encryption in transit changes access, visibility, and blast radius for managed vector databases. That is what makes it effective against data exfiltration."
"How do you secure identity providers against unauthorized access using least privilege?","Least privilege is a key control for identity providers because it narrows exposure and makes unauthorized access harder to execute. Teams should pair it with monitoring, change review, and tested rollback paths."
"What cloud or application security guidance applies policy as code to identity providers to reduce unauthorized access?","To reduce unauthorized access around identity providers, engineers should implement policy as code in an auditable way, validate it continuously, and align it with the service's trust boundaries."
"Why is continuous scanning important for identity providers when preventing unauthorized access?","A strong cloud security answer explains how continuous scanning changes access, visibility, and blast radius for identity providers. That is what makes it effective against unauthorized access."
"How do you secure identity providers against unauthorized access using workload identity?","Workload identity is a key control for identity providers because it narrows exposure and makes unauthorized access harder to execute. Teams should pair it with monitoring, change review, and tested rollback paths."
"What cloud or application security guidance applies encryption in transit to identity providers to reduce unauthorized access?","To reduce unauthorized access around identity providers, engineers should implement encryption in transit in an auditable way, validate it continuously, and align it with the service's trust boundaries."
"Why is least privilege important for identity providers when preventing secret leakage?","A strong cloud security answer explains how least privilege changes access, visibility, and blast radius for identity providers. That is what makes it effective against secret leakage."
"How do you secure identity providers against secret leakage using policy as code?","Policy as code is a key control for identity providers because it narrows exposure and makes secret leakage harder to execute. Teams should pair it with monitoring, change review, and tested rollback paths."
"What cloud or application security guidance applies continuous scanning to identity providers to reduce secret leakage?","To reduce secret leakage around identity providers, engineers should implement continuous scanning in an auditable way, validate it continuously, and align it with the service's trust boundaries."
"Why is workload identity important for identity providers when preventing secret leakage?","A strong cloud security answer explains how workload identity changes access, visibility, and blast radius for identity providers. That is what makes it effective against secret leakage."
"How do you secure identity providers against secret leakage using encryption in transit?","Encryption in transit is a key control for identity providers because it narrows exposure and makes secret leakage harder to execute. Teams should pair it with monitoring, change review, and tested rollback paths."
"What cloud or application security guidance applies least privilege to identity providers to reduce misconfiguration drift?","To reduce misconfiguration drift around identity providers, engineers should implement least privilege in an auditable way, validate it continuously, and align it with the service's trust boundaries."
"Why is policy as code important for identity providers when preventing misconfiguration drift?","A strong cloud security answer explains how policy as code changes access, visibility, and blast radius for identity providers. That is what makes it effective against misconfiguration drift."
"How do you secure identity providers against misconfiguration drift using continuous scanning?","Continuous scanning is a key control for identity providers because it narrows exposure and makes misconfiguration drift harder to execute. Teams should pair it with monitoring, change review, and tested rollback paths."
"What cloud or application security guidance applies workload identity to identity providers to reduce misconfiguration drift?","To reduce misconfiguration drift around identity providers, engineers should implement workload identity in an auditable way, validate it continuously, and align it with the service's trust boundaries."
"Why is encryption in transit important for identity providers when preventing misconfiguration drift?","A strong cloud security answer explains how encryption in transit changes access, visibility, and blast radius for identity providers. That is what makes it effective against misconfiguration drift."
"How do you secure identity providers against cross-tenant exposure using least privilege?","Least privilege is a key control for identity providers because it narrows exposure and makes cross-tenant exposure harder to execute. Teams should pair it with monitoring, change review, and tested rollback paths."
"What cloud or application security guidance applies policy as code to identity providers to reduce cross-tenant exposure?","To reduce cross-tenant exposure around identity providers, engineers should implement policy as code in an auditable way, validate it continuously, and align it with the service's trust boundaries."
"Why is continuous scanning important for identity providers when preventing cross-tenant exposure?","A strong cloud security answer explains how continuous scanning changes access, visibility, and blast radius for identity providers. That is what makes it effective against cross-tenant exposure."
"How do you secure identity providers against cross-tenant exposure using workload identity?","Workload identity is a key control for identity providers because it narrows exposure and makes cross-tenant exposure harder to execute. Teams should pair it with monitoring, change review, and tested rollback paths."
"What cloud or application security guidance applies encryption in transit to identity providers to reduce cross-tenant exposure?","To reduce cross-tenant exposure around identity providers, engineers should implement encryption in transit in an auditable way, validate it continuously, and align it with the service's trust boundaries."
"Why is least privilege important for identity providers when preventing supply chain tampering?","A strong cloud security answer explains how least privilege changes access, visibility, and blast radius for identity providers. That is what makes it effective against supply chain tampering."
"How do you secure identity providers against supply chain tampering using policy as code?","Policy as code is a key control for identity providers because it narrows exposure and makes supply chain tampering harder to execute. Teams should pair it with monitoring, change review, and tested rollback paths."
"What cloud or application security guidance applies continuous scanning to identity providers to reduce supply chain tampering?","To reduce supply chain tampering around identity providers, engineers should implement continuous scanning in an auditable way, validate it continuously, and align it with the service's trust boundaries."
"Why is workload identity important for identity providers when preventing supply chain tampering?","A strong cloud security answer explains how workload identity changes access, visibility, and blast radius for identity providers. That is what makes it effective against supply chain tampering."
"How do you secure identity providers against supply chain tampering using encryption in transit?","Encryption in transit is a key control for identity providers because it narrows exposure and makes supply chain tampering harder to execute. Teams should pair it with monitoring, change review, and tested rollback paths."
"What cloud or application security guidance applies least privilege to identity providers to reduce data exfiltration?","To reduce data exfiltration around identity providers, engineers should implement least privilege in an auditable way, validate it continuously, and align it with the service's trust boundaries."
"Why is policy as code important for identity providers when preventing data exfiltration?","A strong cloud security answer explains how policy as code changes access, visibility, and blast radius for identity providers. That is what makes it effective against data exfiltration."
"How do you secure identity providers against data exfiltration using continuous scanning?","Continuous scanning is a key control for identity providers because it narrows exposure and makes data exfiltration harder to execute. Teams should pair it with monitoring, change review, and tested rollback paths."
"What cloud or application security guidance applies workload identity to identity providers to reduce data exfiltration?","To reduce data exfiltration around identity providers, engineers should implement workload identity in an auditable way, validate it continuously, and align it with the service's trust boundaries."
"Why is encryption in transit important for identity providers when preventing data exfiltration?","A strong cloud security answer explains how encryption in transit changes access, visibility, and blast radius for identity providers. That is what makes it effective against data exfiltration."
"How do you secure CI/CD pipelines against unauthorized access using least privilege?","Least privilege is a key control for CI/CD pipelines because it narrows exposure and makes unauthorized access harder to execute. Teams should pair it with monitoring, change review, and tested rollback paths."
"What cloud or application security guidance applies policy as code to CI/CD pipelines to reduce unauthorized access?","To reduce unauthorized access around CI/CD pipelines, engineers should implement policy as code in an auditable way, validate it continuously, and align it with the service's trust boundaries."
"Why is continuous scanning important for CI/CD pipelines when preventing unauthorized access?","A strong cloud security answer explains how continuous scanning changes access, visibility, and blast radius for CI/CD pipelines. That is what makes it effective against unauthorized access."
"How do you secure CI/CD pipelines against unauthorized access using workload identity?","Workload identity is a key control for CI/CD pipelines because it narrows exposure and makes unauthorized access harder to execute. Teams should pair it with monitoring, change review, and tested rollback paths."
"What cloud or application security guidance applies encryption in transit to CI/CD pipelines to reduce unauthorized access?","To reduce unauthorized access around CI/CD pipelines, engineers should implement encryption in transit in an auditable way, validate it continuously, and align it with the service's trust boundaries."
"Why is least privilege important for CI/CD pipelines when preventing secret leakage?","A strong cloud security answer explains how least privilege changes access, visibility, and blast radius for CI/CD pipelines. That is what makes it effective against secret leakage."
"How do you secure CI/CD pipelines against secret leakage using policy as code?","Policy as code is a key control for CI/CD pipelines because it narrows exposure and makes secret leakage harder to execute. Teams should pair it with monitoring, change review, and tested rollback paths."
"What cloud or application security guidance applies continuous scanning to CI/CD pipelines to reduce secret leakage?","To reduce secret leakage around CI/CD pipelines, engineers should implement continuous scanning in an auditable way, validate it continuously, and align it with the service's trust boundaries."
"Why is workload identity important for CI/CD pipelines when preventing secret leakage?","A strong cloud security answer explains how workload identity changes access, visibility, and blast radius for CI/CD pipelines. That is what makes it effective against secret leakage."
"How do you secure CI/CD pipelines against secret leakage using encryption in transit?","Encryption in transit is a key control for CI/CD pipelines because it narrows exposure and makes secret leakage harder to execute. Teams should pair it with monitoring, change review, and tested rollback paths."
"What cloud or application security guidance applies least privilege to CI/CD pipelines to reduce misconfiguration drift?","To reduce misconfiguration drift around CI/CD pipelines, engineers should implement least privilege in an auditable way, validate it continuously, and align it with the service's trust boundaries."
"Why is policy as code important for CI/CD pipelines when preventing misconfiguration drift?","A strong cloud security answer explains how policy as code changes access, visibility, and blast radius for CI/CD pipelines. That is what makes it effective against misconfiguration drift."
"How do you secure CI/CD pipelines against misconfiguration drift using continuous scanning?","Continuous scanning is a key control for CI/CD pipelines because it narrows exposure and makes misconfiguration drift harder to execute. Teams should pair it with monitoring, change review, and tested rollback paths."
"What cloud or application security guidance applies workload identity to CI/CD pipelines to reduce misconfiguration drift?","To reduce misconfiguration drift around CI/CD pipelines, engineers should implement workload identity in an auditable way, validate it continuously, and align it with the service's trust boundaries."
"Why is encryption in transit important for CI/CD pipelines when preventing misconfiguration drift?","A strong cloud security answer explains how encryption in transit changes access, visibility, and blast radius for CI/CD pipelines. That is what makes it effective against misconfiguration drift."
"How do you secure CI/CD pipelines against cross-tenant exposure using least privilege?","Least privilege is a key control for CI/CD pipelines because it narrows exposure and makes cross-tenant exposure harder to execute. Teams should pair it with monitoring, change review, and tested rollback paths."
"What cloud or application security guidance applies policy as code to CI/CD pipelines to reduce cross-tenant exposure?","To reduce cross-tenant exposure around CI/CD pipelines, engineers should implement policy as code in an auditable way, validate it continuously, and align it with the service's trust boundaries."
"Why is continuous scanning important for CI/CD pipelines when preventing cross-tenant exposure?","A strong cloud security answer explains how continuous scanning changes access, visibility, and blast radius for CI/CD pipelines. That is what makes it effective against cross-tenant exposure."
"How do you secure CI/CD pipelines against cross-tenant exposure using workload identity?","Workload identity is a key control for CI/CD pipelines because it narrows exposure and makes cross-tenant exposure harder to execute. Teams should pair it with monitoring, change review, and tested rollback paths."
"What cloud or application security guidance applies encryption in transit to CI/CD pipelines to reduce cross-tenant exposure?","To reduce cross-tenant exposure around CI/CD pipelines, engineers should implement encryption in transit in an auditable way, validate it continuously, and align it with the service's trust boundaries."
"Why is least privilege important for CI/CD pipelines when preventing supply chain tampering?","A strong cloud security answer explains how least privilege changes access, visibility, and blast radius for CI/CD pipelines. That is what makes it effective against supply chain tampering."
"How do you secure CI/CD pipelines against supply chain tampering using policy as code?","Policy as code is a key control for CI/CD pipelines because it narrows exposure and makes supply chain tampering harder to execute. Teams should pair it with monitoring, change review, and tested rollback paths."
"What cloud or application security guidance applies continuous scanning to CI/CD pipelines to reduce supply chain tampering?","To reduce supply chain tampering around CI/CD pipelines, engineers should implement continuous scanning in an auditable way, validate it continuously, and align it with the service's trust boundaries."
"Why is workload identity important for CI/CD pipelines when preventing supply chain tampering?","A strong cloud security answer explains how workload identity changes access, visibility, and blast radius for CI/CD pipelines. That is what makes it effective against supply chain tampering."
"How do you secure CI/CD pipelines against supply chain tampering using encryption in transit?","Encryption in transit is a key control for CI/CD pipelines because it narrows exposure and makes supply chain tampering harder to execute. Teams should pair it with monitoring, change review, and tested rollback paths."
"What cloud or application security guidance applies least privilege to CI/CD pipelines to reduce data exfiltration?","To reduce data exfiltration around CI/CD pipelines, engineers should implement least privilege in an auditable way, validate it continuously, and align it with the service's trust boundaries."
"Why is policy as code important for CI/CD pipelines when preventing data exfiltration?","A strong cloud security answer explains how policy as code changes access, visibility, and blast radius for CI/CD pipelines. That is what makes it effective against data exfiltration."
"How do you secure CI/CD pipelines against data exfiltration using continuous scanning?","Continuous scanning is a key control for CI/CD pipelines because it narrows exposure and makes data exfiltration harder to execute. Teams should pair it with monitoring, change review, and tested rollback paths."
"What cloud or application security guidance applies workload identity to CI/CD pipelines to reduce data exfiltration?","To reduce data exfiltration around CI/CD pipelines, engineers should implement workload identity in an auditable way, validate it continuously, and align it with the service's trust boundaries."
"Why is encryption in transit important for CI/CD pipelines when preventing data exfiltration?","A strong cloud security answer explains how encryption in transit changes access, visibility, and blast radius for CI/CD pipelines. That is what makes it effective against data exfiltration."
"How do you secure secret distribution paths against unauthorized access using least privilege?","Least privilege is a key control for secret distribution paths because it narrows exposure and makes unauthorized access harder to execute. Teams should pair it with monitoring, change review, and tested rollback paths."
"What cloud or application security guidance applies policy as code to secret distribution paths to reduce unauthorized access?","To reduce unauthorized access around secret distribution paths, engineers should implement policy as code in an auditable way, validate it continuously, and align it with the service's trust boundaries."
"Why is continuous scanning important for secret distribution paths when preventing unauthorized access?","A strong cloud security answer explains how continuous scanning changes access, visibility, and blast radius for secret distribution paths. That is what makes it effective against unauthorized access."
"How do you secure secret distribution paths against unauthorized access using workload identity?","Workload identity is a key control for secret distribution paths because it narrows exposure and makes unauthorized access harder to execute. Teams should pair it with monitoring, change review, and tested rollback paths."
"What cloud or application security guidance applies encryption in transit to secret distribution paths to reduce unauthorized access?","To reduce unauthorized access around secret distribution paths, engineers should implement encryption in transit in an auditable way, validate it continuously, and align it with the service's trust boundaries."
"Why is least privilege important for secret distribution paths when preventing secret leakage?","A strong cloud security answer explains how least privilege changes access, visibility, and blast radius for secret distribution paths. That is what makes it effective against secret leakage."
"How do you secure secret distribution paths against secret leakage using policy as code?","Policy as code is a key control for secret distribution paths because it narrows exposure and makes secret leakage harder to execute. Teams should pair it with monitoring, change review, and tested rollback paths."
"What cloud or application security guidance applies continuous scanning to secret distribution paths to reduce secret leakage?","To reduce secret leakage around secret distribution paths, engineers should implement continuous scanning in an auditable way, validate it continuously, and align it with the service's trust boundaries."
"Why is workload identity important for secret distribution paths when preventing secret leakage?","A strong cloud security answer explains how workload identity changes access, visibility, and blast radius for secret distribution paths. That is what makes it effective against secret leakage."
"How do you secure secret distribution paths against secret leakage using encryption in transit?","Encryption in transit is a key control for secret distribution paths because it narrows exposure and makes secret leakage harder to execute. Teams should pair it with monitoring, change review, and tested rollback paths."
"What cloud or application security guidance applies least privilege to secret distribution paths to reduce misconfiguration drift?","To reduce misconfiguration drift around secret distribution paths, engineers should implement least privilege in an auditable way, validate it continuously, and align it with the service's trust boundaries."
"Why is policy as code important for secret distribution paths when preventing misconfiguration drift?","A strong cloud security answer explains how policy as code changes access, visibility, and blast radius for secret distribution paths. That is what makes it effective against misconfiguration drift."
"How do you secure secret distribution paths against misconfiguration drift using continuous scanning?","Continuous scanning is a key control for secret distribution paths because it narrows exposure and makes misconfiguration drift harder to execute. Teams should pair it with monitoring, change review, and tested rollback paths."
"What cloud or application security guidance applies workload identity to secret distribution paths to reduce misconfiguration drift?","To reduce misconfiguration drift around secret distribution paths, engineers should implement workload identity in an auditable way, validate it continuously, and align it with the service's trust boundaries."
"Why is encryption in transit important for secret distribution paths when preventing misconfiguration drift?","A strong cloud security answer explains how encryption in transit changes access, visibility, and blast radius for secret distribution paths. That is what makes it effective against misconfiguration drift."
"How do you secure secret distribution paths against cross-tenant exposure using least privilege?","Least privilege is a key control for secret distribution paths because it narrows exposure and makes cross-tenant exposure harder to execute. Teams should pair it with monitoring, change review, and tested rollback paths."
"What cloud or application security guidance applies policy as code to secret distribution paths to reduce cross-tenant exposure?","To reduce cross-tenant exposure around secret distribution paths, engineers should implement policy as code in an auditable way, validate it continuously, and align it with the service's trust boundaries."
"Why is continuous scanning important for secret distribution paths when preventing cross-tenant exposure?","A strong cloud security answer explains how continuous scanning changes access, visibility, and blast radius for secret distribution paths. That is what makes it effective against cross-tenant exposure."
"How do you secure secret distribution paths against cross-tenant exposure using workload identity?","Workload identity is a key control for secret distribution paths because it narrows exposure and makes cross-tenant exposure harder to execute. Teams should pair it with monitoring, change review, and tested rollback paths."
"What cloud or application security guidance applies encryption in transit to secret distribution paths to reduce cross-tenant exposure?","To reduce cross-tenant exposure around secret distribution paths, engineers should implement encryption in transit in an auditable way, validate it continuously, and align it with the service's trust boundaries."
"Why is least privilege important for secret distribution paths when preventing supply chain tampering?","A strong cloud security answer explains how least privilege changes access, visibility, and blast radius for secret distribution paths. That is what makes it effective against supply chain tampering."
"How do you secure secret distribution paths against supply chain tampering using policy as code?","Policy as code is a key control for secret distribution paths because it narrows exposure and makes supply chain tampering harder to execute. Teams should pair it with monitoring, change review, and tested rollback paths."
"What cloud or application security guidance applies continuous scanning to secret distribution paths to reduce supply chain tampering?","To reduce supply chain tampering around secret distribution paths, engineers should implement continuous scanning in an auditable way, validate it continuously, and align it with the service's trust boundaries."
"Why is workload identity important for secret distribution paths when preventing supply chain tampering?","A strong cloud security answer explains how workload identity changes access, visibility, and blast radius for secret distribution paths. That is what makes it effective against supply chain tampering."
"How do you secure secret distribution paths against supply chain tampering using encryption in transit?","Encryption in transit is a key control for secret distribution paths because it narrows exposure and makes supply chain tampering harder to execute. Teams should pair it with monitoring, change review, and tested rollback paths."
"What cloud or application security guidance applies least privilege to secret distribution paths to reduce data exfiltration?","To reduce data exfiltration around secret distribution paths, engineers should implement least privilege in an auditable way, validate it continuously, and align it with the service's trust boundaries."
"Why is policy as code important for secret distribution paths when preventing data exfiltration?","A strong cloud security answer explains how policy as code changes access, visibility, and blast radius for secret distribution paths. That is what makes it effective against data exfiltration."
"How do you secure secret distribution paths against data exfiltration using continuous scanning?","Continuous scanning is a key control for secret distribution paths because it narrows exposure and makes data exfiltration harder to execute. Teams should pair it with monitoring, change review, and tested rollback paths."
"What cloud or application security guidance applies workload identity to secret distribution paths to reduce data exfiltration?","To reduce data exfiltration around secret distribution paths, engineers should implement workload identity in an auditable way, validate it continuously, and align it with the service's trust boundaries."
"Why is encryption in transit important for secret distribution paths when preventing data exfiltration?","A strong cloud security answer explains how encryption in transit changes access, visibility, and blast radius for secret distribution paths. That is what makes it effective against data exfiltration."
"How do you secure object storage buckets against unauthorized access using least privilege?","Least privilege is a key control for object storage buckets because it narrows exposure and makes unauthorized access harder to execute. Teams should pair it with monitoring, change review, and tested rollback paths."
"What cloud or application security guidance applies policy as code to object storage buckets to reduce unauthorized access?","To reduce unauthorized access around object storage buckets, engineers should implement policy as code in an auditable way, validate it continuously, and align it with the service's trust boundaries."
"Why is continuous scanning important for object storage buckets when preventing unauthorized access?","A strong cloud security answer explains how continuous scanning changes access, visibility, and blast radius for object storage buckets. That is what makes it effective against unauthorized access."
"How do you secure object storage buckets against unauthorized access using workload identity?","Workload identity is a key control for object storage buckets because it narrows exposure and makes unauthorized access harder to execute. Teams should pair it with monitoring, change review, and tested rollback paths."
"What cloud or application security guidance applies encryption in transit to object storage buckets to reduce unauthorized access?","To reduce unauthorized access around object storage buckets, engineers should implement encryption in transit in an auditable way, validate it continuously, and align it with the service's trust boundaries."
"Why is least privilege important for object storage buckets when preventing secret leakage?","A strong cloud security answer explains how least privilege changes access, visibility, and blast radius for object storage buckets. That is what makes it effective against secret leakage."
"How do you secure object storage buckets against secret leakage using policy as code?","Policy as code is a key control for object storage buckets because it narrows exposure and makes secret leakage harder to execute. Teams should pair it with monitoring, change review, and tested rollback paths."
"What cloud or application security guidance applies continuous scanning to object storage buckets to reduce secret leakage?","To reduce secret leakage around object storage buckets, engineers should implement continuous scanning in an auditable way, validate it continuously, and align it with the service's trust boundaries."
"Why is workload identity important for object storage buckets when preventing secret leakage?","A strong cloud security answer explains how workload identity changes access, visibility, and blast radius for object storage buckets. That is what makes it effective against secret leakage."
"How do you secure object storage buckets against secret leakage using encryption in transit?","Encryption in transit is a key control for object storage buckets because it narrows exposure and makes secret leakage harder to execute. Teams should pair it with monitoring, change review, and tested rollback paths."
"What cloud or application security guidance applies least privilege to object storage buckets to reduce misconfiguration drift?","To reduce misconfiguration drift around object storage buckets, engineers should implement least privilege in an auditable way, validate it continuously, and align it with the service's trust boundaries."
"Why is policy as code important for object storage buckets when preventing misconfiguration drift?","A strong cloud security answer explains how policy as code changes access, visibility, and blast radius for object storage buckets. That is what makes it effective against misconfiguration drift."
"How do you secure object storage buckets against misconfiguration drift using continuous scanning?","Continuous scanning is a key control for object storage buckets because it narrows exposure and makes misconfiguration drift harder to execute. Teams should pair it with monitoring, change review, and tested rollback paths."
"What cloud or application security guidance applies workload identity to object storage buckets to reduce misconfiguration drift?","To reduce misconfiguration drift around object storage buckets, engineers should implement workload identity in an auditable way, validate it continuously, and align it with the service's trust boundaries."
"Why is encryption in transit important for object storage buckets when preventing misconfiguration drift?","A strong cloud security answer explains how encryption in transit changes access, visibility, and blast radius for object storage buckets. That is what makes it effective against misconfiguration drift."
"How do you secure object storage buckets against cross-tenant exposure using least privilege?","Least privilege is a key control for object storage buckets because it narrows exposure and makes cross-tenant exposure harder to execute. Teams should pair it with monitoring, change review, and tested rollback paths."
"What cloud or application security guidance applies policy as code to object storage buckets to reduce cross-tenant exposure?","To reduce cross-tenant exposure around object storage buckets, engineers should implement policy as code in an auditable way, validate it continuously, and align it with the service's trust boundaries."
"Why is continuous scanning important for object storage buckets when preventing cross-tenant exposure?","A strong cloud security answer explains how continuous scanning changes access, visibility, and blast radius for object storage buckets. That is what makes it effective against cross-tenant exposure."
"How do you secure object storage buckets against cross-tenant exposure using workload identity?","Workload identity is a key control for object storage buckets because it narrows exposure and makes cross-tenant exposure harder to execute. Teams should pair it with monitoring, change review, and tested rollback paths."
"What cloud or application security guidance applies encryption in transit to object storage buckets to reduce cross-tenant exposure?","To reduce cross-tenant exposure around object storage buckets, engineers should implement encryption in transit in an auditable way, validate it continuously, and align it with the service's trust boundaries."
"Why is least privilege important for object storage buckets when preventing supply chain tampering?","A strong cloud security answer explains how least privilege changes access, visibility, and blast radius for object storage buckets. That is what makes it effective against supply chain tampering."
"How do you secure object storage buckets against supply chain tampering using policy as code?","Policy as code is a key control for object storage buckets because it narrows exposure and makes supply chain tampering harder to execute. Teams should pair it with monitoring, change review, and tested rollback paths."
"What cloud or application security guidance applies continuous scanning to object storage buckets to reduce supply chain tampering?","To reduce supply chain tampering around object storage buckets, engineers should implement continuous scanning in an auditable way, validate it continuously, and align it with the service's trust boundaries."
"Why is workload identity important for object storage buckets when preventing supply chain tampering?","A strong cloud security answer explains how workload identity changes access, visibility, and blast radius for object storage buckets. That is what makes it effective against supply chain tampering."
"How do you secure object storage buckets against supply chain tampering using encryption in transit?","Encryption in transit is a key control for object storage buckets because it narrows exposure and makes supply chain tampering harder to execute. Teams should pair it with monitoring, change review, and tested rollback paths."
"What cloud or application security guidance applies least privilege to object storage buckets to reduce data exfiltration?","To reduce data exfiltration around object storage buckets, engineers should implement least privilege in an auditable way, validate it continuously, and align it with the service's trust boundaries."
"Why is policy as code important for object storage buckets when preventing data exfiltration?","A strong cloud security answer explains how policy as code changes access, visibility, and blast radius for object storage buckets. That is what makes it effective against data exfiltration."
"How do you secure object storage buckets against data exfiltration using continuous scanning?","Continuous scanning is a key control for object storage buckets because it narrows exposure and makes data exfiltration harder to execute. Teams should pair it with monitoring, change review, and tested rollback paths."
"What cloud or application security guidance applies workload identity to object storage buckets to reduce data exfiltration?","To reduce data exfiltration around object storage buckets, engineers should implement workload identity in an auditable way, validate it continuously, and align it with the service's trust boundaries."
"Why is encryption in transit important for object storage buckets when preventing data exfiltration?","A strong cloud security answer explains how encryption in transit changes access, visibility, and blast radius for object storage buckets. That is what makes it effective against data exfiltration."
"How do you secure message brokers against unauthorized access using least privilege?","Least privilege is a key control for message brokers because it narrows exposure and makes unauthorized access harder to execute. Teams should pair it with monitoring, change review, and tested rollback paths."
"What cloud or application security guidance applies policy as code to message brokers to reduce unauthorized access?","To reduce unauthorized access around message brokers, engineers should implement policy as code in an auditable way, validate it continuously, and align it with the service's trust boundaries."
"Why is continuous scanning important for message brokers when preventing unauthorized access?","A strong cloud security answer explains how continuous scanning changes access, visibility, and blast radius for message brokers. That is what makes it effective against unauthorized access."
"How do you secure message brokers against unauthorized access using workload identity?","Workload identity is a key control for message brokers because it narrows exposure and makes unauthorized access harder to execute. Teams should pair it with monitoring, change review, and tested rollback paths."
"What cloud or application security guidance applies encryption in transit to message brokers to reduce unauthorized access?","To reduce unauthorized access around message brokers, engineers should implement encryption in transit in an auditable way, validate it continuously, and align it with the service's trust boundaries."
"Why is least privilege important for message brokers when preventing secret leakage?","A strong cloud security answer explains how least privilege changes access, visibility, and blast radius for message brokers. That is what makes it effective against secret leakage."
"How do you secure message brokers against secret leakage using policy as code?","Policy as code is a key control for message brokers because it narrows exposure and makes secret leakage harder to execute. Teams should pair it with monitoring, change review, and tested rollback paths."
"What cloud or application security guidance applies continuous scanning to message brokers to reduce secret leakage?","To reduce secret leakage around message brokers, engineers should implement continuous scanning in an auditable way, validate it continuously, and align it with the service's trust boundaries."
"Why is workload identity important for message brokers when preventing secret leakage?","A strong cloud security answer explains how workload identity changes access, visibility, and blast radius for message brokers. That is what makes it effective against secret leakage."
"How do you secure message brokers against secret leakage using encryption in transit?","Encryption in transit is a key control for message brokers because it narrows exposure and makes secret leakage harder to execute. Teams should pair it with monitoring, change review, and tested rollback paths."
"What cloud or application security guidance applies least privilege to message brokers to reduce misconfiguration drift?","To reduce misconfiguration drift around message brokers, engineers should implement least privilege in an auditable way, validate it continuously, and align it with the service's trust boundaries."
"Why is policy as code important for message brokers when preventing misconfiguration drift?","A strong cloud security answer explains how policy as code changes access, visibility, and blast radius for message brokers. That is what makes it effective against misconfiguration drift."
"How do you secure message brokers against misconfiguration drift using continuous scanning?","Continuous scanning is a key control for message brokers because it narrows exposure and makes misconfiguration drift harder to execute. Teams should pair it with monitoring, change review, and tested rollback paths."
"What cloud or application security guidance applies workload identity to message brokers to reduce misconfiguration drift?","To reduce misconfiguration drift around message brokers, engineers should implement workload identity in an auditable way, validate it continuously, and align it with the service's trust boundaries."
"Why is encryption in transit important for message brokers when preventing misconfiguration drift?","A strong cloud security answer explains how encryption in transit changes access, visibility, and blast radius for message brokers. That is what makes it effective against misconfiguration drift."
"How do you secure message brokers against cross-tenant exposure using least privilege?","Least privilege is a key control for message brokers because it narrows exposure and makes cross-tenant exposure harder to execute. Teams should pair it with monitoring, change review, and tested rollback paths."
"What cloud or application security guidance applies policy as code to message brokers to reduce cross-tenant exposure?","To reduce cross-tenant exposure around message brokers, engineers should implement policy as code in an auditable way, validate it continuously, and align it with the service's trust boundaries."
"Why is continuous scanning important for message brokers when preventing cross-tenant exposure?","A strong cloud security answer explains how continuous scanning changes access, visibility, and blast radius for message brokers. That is what makes it effective against cross-tenant exposure."
"How do you secure message brokers against cross-tenant exposure using workload identity?","Workload identity is a key control for message brokers because it narrows exposure and makes cross-tenant exposure harder to execute. Teams should pair it with monitoring, change review, and tested rollback paths."
"What cloud or application security guidance applies encryption in transit to message brokers to reduce cross-tenant exposure?","To reduce cross-tenant exposure around message brokers, engineers should implement encryption in transit in an auditable way, validate it continuously, and align it with the service's trust boundaries."
"Why is least privilege important for message brokers when preventing supply chain tampering?","A strong cloud security answer explains how least privilege changes access, visibility, and blast radius for message brokers. That is what makes it effective against supply chain tampering."
"How do you secure message brokers against supply chain tampering using policy as code?","Policy as code is a key control for message brokers because it narrows exposure and makes supply chain tampering harder to execute. Teams should pair it with monitoring, change review, and tested rollback paths."
"What cloud or application security guidance applies continuous scanning to message brokers to reduce supply chain tampering?","To reduce supply chain tampering around message brokers, engineers should implement continuous scanning in an auditable way, validate it continuously, and align it with the service's trust boundaries."
"Why is workload identity important for message brokers when preventing supply chain tampering?","A strong cloud security answer explains how workload identity changes access, visibility, and blast radius for message brokers. That is what makes it effective against supply chain tampering."
"How do you secure message brokers against supply chain tampering using encryption in transit?","Encryption in transit is a key control for message brokers because it narrows exposure and makes supply chain tampering harder to execute. Teams should pair it with monitoring, change review, and tested rollback paths."
"What cloud or application security guidance applies least privilege to message brokers to reduce data exfiltration?","To reduce data exfiltration around message brokers, engineers should implement least privilege in an auditable way, validate it continuously, and align it with the service's trust boundaries."
"Why is policy as code important for message brokers when preventing data exfiltration?","A strong cloud security answer explains how policy as code changes access, visibility, and blast radius for message brokers. That is what makes it effective against data exfiltration."
"How do you secure message brokers against data exfiltration using continuous scanning?","Continuous scanning is a key control for message brokers because it narrows exposure and makes data exfiltration harder to execute. Teams should pair it with monitoring, change review, and tested rollback paths."
"What cloud or application security guidance applies workload identity to message brokers to reduce data exfiltration?","To reduce data exfiltration around message brokers, engineers should implement workload identity in an auditable way, validate it continuously, and align it with the service's trust boundaries."
"Why is encryption in transit important for message brokers when preventing data exfiltration?","A strong cloud security answer explains how encryption in transit changes access, visibility, and blast radius for message brokers. That is what makes it effective against data exfiltration."
